timestamp,Process.Rocksdb.L0.CommitSuccess,Process.Rocksdb.Compaction.MovedTo.L1,Exception.UpstreamServer.Connect,Exception.Cephx.CouldNotFindEntity,Process.Rocksdb.Compaction.Start2,Process.Rocksdb.Compaction.Interval,Report.Cluster.NewLeader,Process.Rocksdb.Compaction.L1,Process.Start.Request,Process.Rocksdb.Compaction.L2,Process.CheckSub.SendingToClient,Process.Scrub.Ok,Process.Rocksdb.GeneratTable,Process.Rocksdb.Compaction.OK,Report.Connection.Accept,Warn.Paxos.Recovering,Report.OsdPool.Enable,Process.Rocksdb.Compaction.Manual,Warn.UpstreamServer.TempDisabled,Process.Rocksdb.Compaction.Start,Process.Mon.Rank,Process.MDSStandby.Replay.Done,Process.Rocksdb.TableFileCreate,Process.Rocksdb.Delete.WAL,Process.Paxosservice.Upgraded,Process.Rocksdb.Compaction.MovingTo.L1,Warn.SlowRequest.Client,Process.Rocksdb.StopWrite.WaitFlush,Process.Rocksdb.Compaction.SyncingLog,Process.Rocksdb.Compaction.FlushMemToFile,Process.Rocksdb.L0.FlushStart,Report.Request.Done,Report.Server.ToStandby,Report.Rocksdb.Compaction.Finished,Process.Rocksdb.MemTable.Created
1530633600,30,10,3,,16,,,16,24,17,17,,51,17,,,,56,3,16,,34,66,15,,10,,,15,15,30,,,17,15
1530633660,,,3,,,,,,24,,16,,,,,,,,3,,,28,,,,,,,,,,,,,
1530633720,10,,3,,,,,,24,,15,,,,,,,,3,,,19,5,5,,,,,,5,10,,,,5
1530633780,8,,3,,,,,,24,,15,,,,,,,,3,,,17,4,4,,,,,,4,8,,,,4
1530633840,10,,3,,,,,,24,,16,,,,,,,,3,,,15,5,5,,,,,,5,10,,,,5
1530633900,8,,3,,4,,,4,24,4,15,,8,4,,,,,3,4,,30,12,4,,,,,,4,8,,,4,4
1530633960,12,,3,,10,,,10,24,10,15,,30,10,,,,20,3,10,,31,36,6,,,,,5,6,12,,,10,6
1530634020,8,,3,,,,,,24,,15,,,,,,,,3,,,21,4,4,,,,,,4,8,,,,4
1530634080,20,2,3,,12,,,12,24,12,15,,26,12,,,,34,3,12,,13,36,10,,2,,,9,10,20,,,12,10
1530634140,8,,3,,,,,,24,,15,,,,,,,,3,,,18,4,4,,,,,,4,8,,,,4
1530634200,10,,3,,,,,,24,,15,,,,,,,,3,,,25,5,5,,,,,,5,10,,,,5
1530634260,,,3,,,,,,24,,16,,,,,,,,3,,,41,,,,,,,,,,,,,
1530634320,10,,3,,10,10,,10,24,10,14,,25,10,,,,20,3,10,,17,30,5,,,,,5,5,10,,,10,5
1530634380,10,,3,,,,,,24,,15,,,,,,,,3,,,34,5,5,,,,,,5,10,,,,5
1530634440,8,,3,,,,,,24,,16,,,,,,,,3,,,54,4,4,,,,,,4,8,,,,4
1530634500,10,,3,,,,,,24,,16,,,,,,,,3,,,23,5,5,,,,,,5,10,,,,5
1530634560,16,2,3,,12,,,12,24,10,14,,39,10,,,,30,3,12,,42,47,8,,2,,,8,8,16,,,10,8
1530634620,34,16,3,,18,,,18,24,20,14,,72,20,,,,68,3,18,,38,89,17,,16,,,17,17,34,,,20,17
1530634680,2,,3,,,,,,24,,15,,,,,,,,3,,,28,1,1,,,,,,4,5,,,,4
1530634740,8,,3,,,,,,24,,16,,,,,,,,3,,,26,4,4,,,,,,1,5,,,,1
1530634800,8,,3,,,,,,24,,15,,,,,,,,3,,,21,4,4,,,,,,4,8,,,,4
1530634860,10,,3,,,,,,24,,16,,,,,,,,3,,,24,5,5,,,,,,5,10,,,,5
1530634920,8,,3,,4,8,,4,24,4,15,,8,4,,,,,3,4,,23,12,4,,,,,,4,8,,,4,4
1530634980,12,,3,,10,2,,10,24,10,14,,30,10,,,,20,3,10,,27,36,6,,,,,5,6,12,,,10,6
1530635040,8,,3,,,,,,24,,15,,,,,,,,3,,,23,4,4,,,,,,4,8,,,,4
1530635100,22,3,3,,13,,,13,24,12,14,,28,12,,,,36,3,13,,33,39,11,,3,,,10,11,22,,,12,11
1530635160,,,3,,,,,,24,1,16,,1,1,,,,,3,,,29,1,,,,,,,,,,,1,
1530635220,10,,3,,,,,,24,,21,,,,,,,,3,,,22,5,5,,,,,,5,10,,,,5
1530635280,18,,3,,10,,,10,24,10,15,,20,10,,,,20,3,10,,21,29,9,,,,,5,9,18,,,10,9
1530635340,,,3,,,,,,24,,15,,,,,,,,3,,,42,,,,,,,,,,,,,
1530635400,10,,3,,,,,,24,,16,,,,,,,,3,,,45,5,5,,,,,,5,10,,,,5
1530635460,8,,3,,,,,,24,,17,,,,,,,,3,,,39,4,4,,,,,,4,8,,,,4
1530635520,20,,3,,8,8,,6,24,5,15,,10,3,,,,14,3,8,,40,20,10,,,,,5,10,20,,,3,10
1530635580,10,4,3,,6,,,8,24,9,14,,45,11,,,,24,3,6,,46,50,5,,4,,,5,5,10,,,11,5
1530635640,34,13,3,,17,2,,17,24,17,15,,57,17,,,,60,3,17,,24,74,17,,13,,,15,17,34,,,17,17
1530635700,8,,3,,,,,,24,,16,,,,,,,,3,,,32,4,4,,,,,,4,8,,,,4
1530635760,2,,3,,,,,,24,,15,,,,,,,,3,,,47,1,1,,,,,,1,2,,,,1
1530635820,8,,3,,,,,,24,,15,,,,,,,,3,,,52,4,4,,,,,,4,8,,,,4
1530635880,10,,3,,,,,,24,,16,,,,,,,,3,,,34,5,5,,,,,,5,10,,,,5
1530635940,8,,3,,4,,,4,24,4,15,,8,4,,,,,3,4,,29,12,4,,,,,,4,8,,,4,4
1530636000,12,,3,,10,,,10,24,10,15,,30,10,,,,20,3,10,,37,36,6,,,,1,5,6,12,,,10,6
1530636060,10,,3,,,,,,24,,17,,,,,,,,3,,,26,5,5,,,,,,5,10,,,,5
1530636120,26,2,3,,12,2,,12,24,10,16,,22,10,,,,32,3,12,,22,35,13,,2,,,9,13,26,,,10,13
1530636180,2,1,3,,1,2,,1,24,3,15,,10,3,,,,4,3,1,,19,11,1,,1,,,1,1,2,,,3,1
1530636240,10,,3,,,,,,24,,16,,,,,,,,3,,,38,5,5,,,,,,5,10,,,,5
1530636300,18,,3,,10,6,,10,24,10,17,,20,10,,,,20,3,10,,33,29,9,,,,,5,9,18,,,10,9
1530636360,8,,3,,,,,,24,,19,,,,,,,,3,,,22,4,4,,,,,,4,8,,,,4
1530636420,10,,3,,,,,,24,,19,,,,,,,,3,,,13,5,5,,,,,,5,10,,,,5
1530636480,20,3,3,,13,,,13,24,13,16,,37,13,,,,36,3,13,,15,47,10,,3,,,10,10,20,,,13,10
1530636540,8,,3,,,,,,24,,17,,,,,,,,3,,,20,4,4,,,,,,4,8,,,,4
1530636600,12,,3,,10,,,10,24,10,16,,25,10,,,,20,3,10,,18,31,6,,,,,5,6,12,,,10,6
1530636660,16,7,3,,7,,,7,24,7,20,,21,7,,,,34,3,7,,12,29,8,,7,,,8,8,16,,,7,8
1530636720,8,,3,,,,,,24,,19,,,,,,,,3,,,29,4,4,,,,,,4,8,,,,4
1530636780,8,,3,,,,,,24,,17,,,,,,,,3,,,19,4,4,,,,,,4,8,,,,4
1530636840,2,,3,,,,,,24,,21,,,,,,,,3,,,22,1,1,,,,,,1,2,,,,1
1530636900,20,,3,,11,10,,11,23,9,24,,26,9,,,,20,3,11,,24,36,10,,,,,5,10,20,,,9,10
1530636960,,,3,,,,,,25,2,17,,5,2,,,,,3,,,13,5,,,,,,,,,,,2,
1530637020,10,,3,,,,,,24,,16,,,,,,,,3,,,11,5,5,,,,,,5,10,,,,5
1530637080,8,,3,,,,,,24,,15,,,,,,,,3,,,15,4,4,,,,,,4,8,,,,4
1530637140,20,,3,,10,,,10,24,6,15,,14,6,,,,20,3,10,,18,24,10,,,,,5,10,20,,,6,10
1530637200,10,5,3,,5,,,5,24,9,15,,31,9,,,,20,3,5,,17,36,5,,5,,,5,5,10,,,9,5
1530637260,18,1,3,,9,,,9,24,9,17,,19,9,,,,20,3,9,,11,28,9,,1,,,5,9,18,,,9,9
1530637320,16,7,3,,7,,,7,24,6,20,,20,6,,,,34,3,7,,21,28,8,,7,,,8,8,16,,,6,8
1530637380,,,3,,,,,,24,1,20,,2,1,,,,,3,,,26,2,,,,,,,,,,,1,
1530637440,10,,3,,,,,,24,,25,,,,,,,,3,,,21,5,5,,,,,,5,10,,,,5
1530637500,8,,3,,,,,,24,,15,,,,,,,,3,,,14,4,4,,,,,,4,8,,,,4
1530637560,20,,3,,10,10,,10,24,10,15,,25,10,,,,20,3,10,,18,35,10,,,,,5,10,20,,,10,10
1530637620,,,3,,,,,,24,,16,,,,,,,,3,,,9,,,,,,,,,,,,,
1530637680,28,3,3,,13,,,13,23,11,16,,27,11,,,,36,3,13,,20,41,14,,3,,,9,14,28,,,11,14
1530637740,,,3,,,,,,25,2,22,,2,2,,,,,3,,,11,2,,,,,,,,,,,2,
1530637800,10,,3,,,,,,24,,17,,,,,,,,3,,,12,5,5,,,,,,5,10,,,,5
1530637860,18,,3,,9,,,8,24,8,21,,14,7,,,,18,3,9,,24,23,9,,,,,5,9,18,,,7,9
1530637920,,,3,,1,,,2,24,2,16,,6,3,,,,2,3,1,,20,6,,,,,,,,,,,3,
1530637980,10,,3,,,,,,24,,23,,,,,,,,3,,,28,5,5,,,,,,5,10,,,,5
1530638040,8,,3,,,,,,24,,23,,,,,,,,3,,,19,4,4,,,,,,4,8,,,,4
1530638100,26,3,3,,13,,,13,24,11,19,,32,11,,,,34,3,13,,14,45,13,,3,,,8,13,26,,,11,13
1530638160,10,5,3,,5,8,,5,24,4,22,,15,4,,,,20,3,5,,18,21,5,,5,,,6,6,12,,,4,6
1530638220,22,8,3,,8,2,,8,24,11,23,,35,11,,,,38,3,8,,21,45,11,,8,,,10,10,20,,,11,10
1530638280,8,,3,,,,,,24,,20,,,,,,,,3,,,23,4,4,,,,,,4,8,,,,4
1530638340,8,,3,,,,,,24,,21,,,,,,,,3,,,9,4,4,,,,,,4,8,,,,4
1530638400,2,,3,,,,,,24,,22,,,,,,,,3,,,16,1,1,,,,,,1,2,,,,1
1530638460,20,,3,,12,,,12,24,10,21,,24,10,,,,20,3,12,,12,34,10,,,,,5,10,20,,,10,10
1530638520,,,3,,,,,,24,2,22,,3,2,,,,,3,,,21,3,,,,,,,,,,,2,
1530638580,10,,3,,,,,,24,,21,,,,,,,,3,,,14,5,5,,,,,,5,10,,,,5
1530638640,8,,3,,,,,,24,,27,,,,,,,,3,,,2,4,4,,,9,,,4,8,,,,4
1530638700,20,,3,,10,,,10,22,6,16,,10,6,,,,22,3,10,,4,20,10,,,,,5,10,20,,,6,10
1530638760,18,9,3,,9,,,9,26,13,25,,37,13,,,,36,3,9,,6,46,9,,9,5,,9,9,18,,,13,9
1530638820,20,10,3,,10,10,,10,24,10,18,,30,10,,,,40,3,10,,13,40,10,,10,,,10,10,20,,,10,10
1530638880,8,,3,,,,,,24,,17,,,,,,,,3,,,6,4,4,,,,,,4,8,,,,4
1530638940,2,,3,,,,,,24,,18,,,,,,,,3,,,12,1,1,,,,,,1,2,,,,1
1530639000,8,,3,,,,,,24,,18,,,,,,,,3,,,13,4,4,,,,,,4,8,,,,4
1530639060,20,,3,,10,,,10,24,8,22,,23,8,,,,20,3,10,,11,33,10,,,,,5,10,20,,,8,10
1530639120,,,3,,,,,,24,2,21,,7,2,,,,,3,,,23,7,,,,,,,,,,,2,
1530639180,10,,3,,,,,,24,,21,,,,,,,,3,,,23,5,5,,,,,,5,10,,,,5
1530639240,28,5,3,,15,,,15,24,15,21,,35,15,,,,40,3,15,,19,49,14,,5,,,10,14,28,,,15,14
1530639300,8,,3,,,,,,24,,21,,,,,,,,3,,,14,4,4,,,,,,4,8,,,,4
1530639360,12,,3,,10,,,10,24,6,17,,11,6,,,,20,3,10,,17,17,6,,,,,5,6,12,,,6,6
1530639420,,,3,,,,,,24,4,21,,9,4,,,,,3,,,29,9,,,,,,,,,,,4,
1530639480,10,,3,,,,,,24,,25,,,,,,,,3,,,31,5,5,,,,,,5,10,,,,5
1530639540,28,4,3,,14,10,,14,22,13,24,,38,13,,,,38,3,14,,24,52,14,,4,,,10,14,28,,,13,14
1530639600,,,3,,,,,,26,1,20,,3,1,,,,,3,,,16,3,,,,,,,,,,,1,
1530639660,10,,3,,,,,,24,,17,,,,,,,,3,,,22,5,5,,,,,,5,10,,,,5
1530639720,10,,3,,10,,,10,24,10,20,,25,10,,,,20,3,10,,20,30,5,,,,,5,5,10,,,10,5
1530639780,28,3,3,,11,,,11,24,11,19,,25,11,,,,34,3,11,,11,39,14,,3,,,10,14,28,,,11,14
1530639840,8,,3,,,,,,24,,22,,,,,,,,3,,,22,4,4,,,,,,4,8,,,,4
1530639900,10,,3,,,,,,24,,20,,,,,,,,3,,,19,5,5,,,,,,5,10,,,,5
1530639960,10,,3,,10,,,10,24,8,22,,15,8,,,,20,3,10,,15,20,5,,,,,5,5,10,,,8,5
1530640020,,,3,,,,,,24,2,26,,5,2,,,,,3,,,17,5,,,,,,,,,,,2,
1530640080,10,,3,,,,,,24,,22,,,,,,,,3,,,18,5,5,,,,,,5,10,,,,5
1530640140,8,,3,,,,,,24,,19,,,,,,,,3,,,22,4,4,,,,,,4,8,,,,4
1530640200,10,,3,,,,,,24,,15,,,,,,,,3,,,12,5,5,,,,,,5,10,,,,5
1530640260,20,5,3,,15,10,,15,24,13,18,,37,13,,,,40,3,15,,16,47,10,,5,,,10,10,20,,,13,10
1530640320,30,15,3,,15,,,15,24,17,17,,53,17,,,,60,3,15,,18,68,15,,15,,,15,15,30,,,17,15
1530640380,8,,3,,,,,,24,,16,,,,,,,,3,,,6,4,4,,,,,,4,8,,,,4
1530640440,6,,3,,,,,,24,,22,,,,,,,,3,,,2,3,3,,,,,,3,6,,,,4
1530640500,4,,3,,,,,,24,,26,,,,,,,,3,,,2,2,2,,,1,,,2,4,,,,1
1530640560,10,,3,,,,,,24,,18,,,,,,,,3,,,2,5,5,,,,,,5,10,,,,5
1530640620,10,,3,,10,,,10,24,10,29,,30,10,,,,20,3,10,,3,35,5,,,8,,5,5,10,,,10,5
1530640680,8,,3,,,,,,24,,14,,,,,,,,3,,,4,4,4,,,,,,5,9,,,,5
1530640740,10,,3,,,,,,24,,20,,,,,,,,3,,,9,5,5,,,,,,4,9,,,,4
1530640800,18,3,3,,13,,,13,24,13,21,,29,13,,,,36,3,13,,19,38,9,,3,,,9,9,18,,,13,9
1530640860,8,,3,,,,,,24,,20,,,,,,,,3,,,7,4,4,,,,,,4,8,,,,4
1530640920,10,,3,,10,10,,10,24,10,19,,20,10,,,,20,3,10,,8,25,5,,,,,5,5,10,,,10,5
1530640980,10,,3,,,,,,24,,20,,,,,,,,3,,,8,5,5,,,,,,5,10,,,,5
1530641040,26,3,3,,13,,,13,24,13,20,,37,13,,,,36,3,13,,21,50,13,,3,,,9,13,26,,,13,13
1530641100,4,,3,,,,,,24,,23,,,,,,,,3,,,20,2,2,,,,,,2,4,,,,2
1530641160,14,,3,,8,,,8,24,4,22,,8,4,,,,16,3,8,,24,16,7,,,,,5,8,16,,,4,8
1530641220,2,,3,,2,,,2,24,6,19,,17,6,,,,4,3,2,,26,17,1,,,,,,,,,,6,
1530641280,10,,3,,,,,,24,,19,,,,,,,,3,,,13,5,5,,,,,,5,10,,,,5
1530641340,20,3,3,,13,,,13,24,13,19,,29,13,,,,36,3,13,,24,39,10,,3,,,10,10,20,,,13,10
1530641400,10,,3,,,,,,24,,18,,,,,,,,3,,,21,5,5,,,,,,5,10,,,,5
1530641460,8,,3,,,,,,24,,23,,,,,,,,3,,,19,4,4,,,,,,4,8,,,,4
1530641520,10,,3,,10,10,,10,24,10,16,,20,10,,,,20,3,10,,20,25,5,,,,,5,5,10,,,10,5
1530641580,10,,3,,,,,,24,,18,,,,,,,,3,,,20,5,5,,,,,,5,10,,,,5
1530641640,8,,3,,,,,,24,,20,,,,,,,,3,,,7,4,4,,,,,,4,8,,,,4
1530641700,10,,3,,,,,,24,,19,,,,,,,,3,,,14,5,5,,,,,,5,10,,,,5
1530641760,,,3,,,,,,24,,19,,,,,,,,3,,,14,,,,,,,,,,,,,
1530641820,50,14,3,,30,,,30,24,30,17,,89,30,,,,90,3,30,,15,114,25,,14,,,21,25,50,,,30,25
1530641880,,,3,,,,,,24,,19,,,,,,,,3,,,17,,,,,,,,,,,,,
1530641940,10,,3,,,,,,24,,21,,,,,,,,3,,,15,5,5,,,,,,5,10,,,,5
1530642000,8,,3,,,,,,24,,21,,,,,,,,3,,,20,4,4,,,,,,4,8,,,,4
1530642060,10,,3,,,,,,24,,22,,,,,,,,3,,,30,5,5,,,,,,5,10,,,,5
1530642120,10,,3,,10,10,,10,24,10,17,,30,10,,,,20,3,10,,38,35,5,,,,,5,5,10,,,10,5
1530642180,8,,3,,,,,,24,,17,,,,,,,,3,,,39,4,4,,,,,,4,8,,,,4
1530642240,10,,3,,,,,,24,,21,,,,,,,,3,,,38,5,5,,,,,,5,10,,,,5
1530642300,,,3,,,,,,24,,19,,,,,,,,3,,,31,,,,,,,,,,,,,
1530642360,30,3,3,,13,,,13,24,13,20,,29,13,,,,36,3,13,,25,44,15,,3,,,10,15,30,,,13,15
1530642420,10,3,3,,7,,,7,24,7,29,,17,7,,,,20,3,7,,25,22,5,,3,,,5,5,10,,,7,5
1530642480,8,,3,,,,,,24,,26,,,,,,,,3,,,31,4,4,,,,,,4,8,,,,4
1530642540,20,2,3,,12,,,12,24,12,16,,33,12,,,,34,3,12,,38,43,10,,2,,,9,10,20,,,12,10
1530642600,2,,3,,,,,,24,,15,,,,,,,,3,,,34,1,1,,,,,,1,2,,,,1
1530642660,8,,3,,,,,,24,,16,,,,,,,,3,,,26,4,4,,,,,,4,8,,,,4
1530642720,18,,3,,10,10,,10,24,10,14,,25,10,,,,20,3,10,,24,34,9,,,,,5,9,18,,,10,9
1530642780,8,,3,,,,,,24,,16,,,,,,,,3,,,26,4,4,,,,,,4,8,,,,4
1530642840,18,3,3,,13,,,13,24,13,15,,29,13,,,,36,3,13,,26,38,9,,3,,,8,9,18,,,13,9
1530642900,,,3,,,,,,24,,16,,,,,,,,3,,,33,,,,,,,,,,,,,
1530642960,10,,3,,,,,,24,,15,,,,,,,,3,,,27,5,5,,,,,,5,10,,,,5
1530643020,8,,3,,,,,,24,,16,,,,,,,,3,,,20,4,4,,,,,,4,8,,,,4
1530643080,10,,3,,10,,,10,24,10,15,,20,10,,,,20,3,10,,32,25,5,,,,,5,5,10,,,10,5
1530643140,8,,3,,,,,,24,,15,,,,,,,,3,,,39,4,4,,,,,,4,8,,,,4
1530643200,10,,3,,,,,,24,,15,,,,,,,,3,,,32,5,5,,,,,,5,10,,,,5
1530643260,10,,3,,,,,,24,,18,,,,,,,,3,,,38,5,5,,,,,,5,10,,,,5
1530643320,,,3,,,,,,24,,15,,,,,,,,3,,,23,,,,,,,,,,,,,
1530643380,34,8,3,,22,10,,22,24,22,15,,60,22,,,,56,3,22,,42,77,17,,8,,,13,17,34,,,22,17
1530643440,,,3,,,,,,24,,19,,,,,,,,3,,,23,,,,,,,,,,,,,
1530643500,26,2,3,,12,,,12,24,12,15,,33,12,,,,34,3,12,,26,46,13,,2,,,8,13,26,,,12,13
1530643560,,,3,,,,,,24,,15,,,,,,,,3,,,19,,,,,,,,,,,,,
1530643620,10,,3,,,,,,24,,16,,,,,,,,3,,,23,5,5,,,,,,5,10,,,,5
1530643680,8,,3,,,,,,24,,15,,,,,,,,3,,,27,4,4,,,,,,4,8,,,,4
1530643740,10,,3,,10,,,10,24,10,14,,25,10,,,,20,3,10,,11,30,5,,,,,5,5,10,,,10,5
1530643800,8,,3,,,,,,24,,15,,,,,,,,3,,,12,4,4,,,,,,4,8,,,,4
1530643860,26,,3,,10,,,10,24,8,15,,16,8,,,,26,3,10,,23,29,13,,,,,8,13,26,,,8,13
1530643920,4,2,3,,2,,,2,24,4,15,,10,4,,,,8,3,2,,18,12,2,,2,,,2,2,4,,,4,2
1530643980,10,,3,,,,,,24,,15,,,,,,,,3,,,22,5,5,,,,,,5,10,,,,5
1530644040,18,,3,,10,10,,10,24,8,15,,18,8,,,,20,3,10,,24,27,9,,,,,5,9,18,,,8,9
1530644100,,,3,,,,,,24,2,16,,2,2,,,,,3,,,34,2,,,,,,,,,,,2,
1530644160,10,,3,,,,,,24,,16,,,,,,,,3,,,22,5,5,,,,,,5,10,,,,5
1530644220,8,,3,,,,,,24,,17,,,,,,,,3,,,35,4,4,,,,,,4,8,,,,4
1530644280,10,,3,,,,,,24,,15,,,,,,,,3,,,29,5,5,,,,,,5,10,,,,5
1530644340,8,,3,,4,,,4,24,4,15,,8,4,,,,,3,4,,22,12,4,,,,,,4,8,,,4,4
1530644400,26,7,3,,17,,,17,24,17,16,,44,17,,,,54,3,17,,31,57,13,,7,,,13,13,26,,,17,13
1530644460,8,,3,,,,,,24,,16,,,,,,,,3,,,29,4,4,,,,,,4,8,,,,4
1530644520,16,2,3,,12,,,12,24,12,15,,28,12,,,,34,3,12,,29,36,8,,2,,,8,8,16,,,12,8
1530644580,10,,3,,,,,,24,,16,,,,,,,,3,,,26,5,5,,,,,,5,10,,,,5
1530644640,8,,3,,,,,,24,,16,,,,,,,,3,,,21,4,4,,,,,,4,8,,,,4
1530644700,10,,3,,1,2,,1,24,1,15,,1,1,,,,,3,1,,21,6,5,,,,,,5,10,,,1,5
1530644760,10,,3,,10,8,,10,24,10,15,,25,10,,,,20,3,10,,25,30,5,,,,,5,5,10,,,10,5
1530644820,10,,3,,,,,,24,,16,,,,,,,,3,,,20,5,5,,,,,,5,10,,,,5
1530644880,8,,3,,,,,,24,,15,,,,,,,,3,,,17,4,4,,,,,,4,8,,,,4
1530644940,16,2,3,,12,,,12,24,12,17,,26,12,,,,34,3,12,,29,34,8,,2,,,8,8,16,,,12,8
1530645000,10,,3,,,,,,24,,15,,,,,,,,3,,,37,5,5,,,,,,5,10,,,,5
1530645060,10,,3,,10,,,10,24,10,16,,20,10,,,,20,3,10,,33,25,5,,,,,5,5,10,,,10,5
1530645120,8,,3,,,,,,24,,15,,,,,,,,3,,,31,4,4,,,,,,4,8,,,,4
1530645180,2,,3,,,,,,24,,15,,,,,,,,3,,,41,1,1,,,,,,1,2,,,,1
1530645240,8,,3,,,,,,24,,17,,,,,,,,3,,,48,4,4,,,,,,4,8,,,,4
1530645300,10,,3,,,,,,24,,16,,,,,,,,3,,,54,5,5,,,,,,5,10,,,,5
1530645360,8,,3,,4,8,,4,24,4,15,,8,4,,,,,3,4,,50,12,4,,,,,,4,8,,,4,4
1530645420,26,7,3,,17,2,,17,24,17,15,,51,17,,,,54,3,17,,25,64,13,,7,,,13,13,26,,,17,13
1530645480,20,6,3,,8,,,8,24,8,15,,22,8,,,,34,3,8,,26,32,10,,6,,,10,10,20,,,8,10
1530645540,10,,3,,,,,,24,,15,,,,,,,,3,,,24,5,5,,,,,,5,10,,,,5
1530645600,8,,3,,,,,,24,,15,,,,,,,,3,,,30,4,4,,,,,,4,8,,,,4
1530645660,10,,3,,2,,,2,24,2,16,,2,2,,,,,3,2,,23,7,5,,,,,,5,10,,,2,5
1530645720,10,,3,,10,,,10,24,10,14,,30,10,,,,20,3,10,,19,35,5,,,,,5,5,10,,,10,5
1530645780,8,,3,,,,,,24,,15,,,,,,,,3,,,37,4,4,,,,,,4,8,,,,4
1530645840,2,,3,,,,,,24,,17,,,,,,,,3,,,29,1,1,,,,,,1,2,,,,1
1530645900,8,,3,,,,,,24,,15,,,,,,,,3,,,21,4,4,,,,,,4,8,,,,4
1530645960,20,3,3,,13,,,13,24,13,15,,37,13,,,,36,3,13,,13,47,10,,3,,,10,10,20,,,13,10
1530646020,8,,3,,,,,,24,,15,,,,,,,,3,,,23,4,4,,,,,,4,8,,,,4
1530646080,12,,3,,10,10,,10,24,10,16,,20,10,,,,20,3,10,,19,26,6,,,,,5,6,12,,,10,6
1530646140,8,,3,,,,,,24,,15,,,,,,,,3,,,7,4,4,,,,,,4,8,,,,4
1530646200,10,,3,,,,,,24,,18,,,,,,,,3,,,9,5,5,,,,,,5,10,,,,5
1530646260,10,,3,,,,,,24,,18,,,,,,,,3,,,5,5,5,,,,,,5,10,,,,5
1530646320,,,3,,,,,,24,,15,,,,,,,,3,,,25,,,,,,,,,,,,,
1530646380,18,,3,,14,,,14,24,14,15,,38,14,,,,20,3,14,,21,47,9,,,,,5,9,18,,,14,9
1530646440,32,13,3,,15,,,15,24,15,16,,50,15,,,,68,3,15,,21,66,16,,13,,,16,16,32,,,15,16
1530646500,8,,3,,,,,,24,,16,,,,,,,,3,,,31,4,4,,,,,,4,8,,,,4
1530646560,2,,3,,,,,,24,,17,,,,,,,,3,,,18,1,1,,,,,,1,2,,,,1
1530646620,8,,3,,,,,,24,,16,,,,,,,,3,,,17,4,4,,,,,,4,8,,,,4
1530646680,10,,3,,,,,,24,,15,,,,,,,,3,,,24,5,5,,,,,,5,10,,,,5
1530646740,10,,3,,10,10,,10,24,10,16,,30,10,,,,20,3,10,,30,35,5,,,,,5,5,10,,,10,5
1530646800,8,,3,,,,,,24,,15,,,,,,,,3,,,14,4,4,,,,,,4,8,,,,4
1530646860,10,,3,,,,,,24,,16,,,,,,,,3,,,19,5,5,,,,,,5,10,,,,5
1530646920,10,,3,,,,,,24,,15,,,,,,,,3,,,14,5,5,,,,,,5,10,,,,5
1530646980,16,1,3,,11,,,11,24,11,15,,29,11,,,,32,3,11,,29,37,8,,1,,,8,8,16,,,11,8
1530647040,18,,3,,10,,,10,24,10,15,,20,10,,,,20,3,10,,19,29,9,,,,,5,9,18,,,10,9
1530647100,6,,3,,,,,,24,,15,,,,,,,,3,,,23,3,3,,,,,,4,7,,,,4
1530647160,4,,3,,,,,,24,,15,,,,,,,,3,,,13,2,2,,,,,,1,3,,,,1
1530647220,8,,3,,,,,,24,,18,,,,,,,,3,,,24,4,4,,,,,,4,8,,,,4
1530647280,10,,3,,,,,,24,,15,,,,,,,,3,,,41,5,5,,,,,,5,10,,,,5
1530647340,8,,3,,4,8,,4,24,4,15,,8,4,,,,,3,4,,25,12,4,,,,,,4,8,,,4,4
1530647400,24,6,3,,16,2,,16,24,16,16,,53,16,,,,52,3,16,,33,65,12,,6,,,12,12,24,,,16,12
1530647460,26,4,3,,12,,,12,24,12,15,,28,12,,,,36,3,12,,35,41,13,,4,,,10,13,26,,,12,13
1530647520,8,,3,,,,,,24,,15,,,,,,,,3,,,41,4,4,,,,,,4,8,,,,4
1530647580,2,,3,,,,,,24,,15,,,,,,,,3,,,45,1,1,,,,,,1,2,,,,1
1530647640,8,,3,,,,,,24,,16,,,,,,,,3,,,44,4,4,,,,,,4,8,,,,4
1530647700,20,,3,,11,,,11,24,11,21,,31,11,,,,20,3,11,,42,41,10,,,,,5,10,20,,,11,10
1530647760,8,,3,,,,,,24,,15,,,,,,,,3,,,13,4,4,,,,,,4,8,,,,4
1530647820,2,,3,,,,,,24,,16,,,,,,,,3,,,10,1,1,,,,,,1,2,,,,1
1530647880,8,,3,,,,,,24,,18,,,,,,,,3,,,5,4,4,,,,,,4,8,,,,4
1530647940,10,,3,,,,,,24,,15,,,,,,,,3,,,21,5,5,,,,,,5,10,,,,5
1530648000,18,4,3,,14,8,,14,24,14,16,,41,14,,,,38,3,14,,48,50,9,,4,,,9,9,18,,,14,9
1530648060,10,5,3,,5,2,,5,24,5,18,,15,5,,,,20,3,5,,43,20,5,,5,,,5,5,10,,,5,5
1530648120,8,,3,,,,,,24,,15,,,,,,,,3,,,37,4,4,,,,,,4,8,,,,4
1530648180,10,,3,,,,,,24,,15,,,,,,,,3,,,41,5,5,,,,,,5,10,,,,5
1530648240,10,,3,,,,,,24,,16,,,,,,,,3,,,43,5,5,,,,,,5,10,,,,5
1530648300,12,1,3,,11,,,11,24,10,15,,33,10,,,,30,3,11,,40,39,6,,1,,,6,6,12,,,10,6
1530648360,12,6,3,,6,,,6,24,7,14,,25,7,,,,24,3,6,,36,31,6,,6,,,6,6,12,,,7,6
1530648420,8,,3,,,,,,24,,15,,,,,,,,3,,,27,4,4,,,,,,4,8,,,,4
1530648480,20,1,3,,11,,,11,24,11,15,,23,11,,,,32,3,11,,33,33,10,,1,,,9,10,20,,,11,10
1530648540,8,,3,,,,,,24,,24,,,,,,,,3,,,31,4,4,,,,,,4,8,,,,4
1530648600,8,,3,,,,,,24,,17,,,,,,,,3,,,7,4,4,,,,,,4,8,,,,4
1530648660,12,,3,,10,10,,10,24,8,15,,20,8,,,,20,3,10,,8,26,6,,,,,5,6,12,,,8,6
1530648720,,,3,,,,,,24,2,18,,5,2,,,,,3,,,15,5,,,,,,,,,,,2,
1530648780,10,,3,,,,,,24,,15,,,,,,,,3,,,15,5,5,,,,,,5,10,,,,5
1530648840,8,,3,,,,,,24,,17,,,,,,,,3,,,38,4,4,,,,,,4,8,,,,4
1530648900,10,,3,,,,,,24,,17,,,,,,,,3,,,44,5,5,,,,,,5,10,,,,5
1530648960,22,,3,,14,,,14,24,12,14,,29,12,,,,26,3,14,,44,40,11,,,,,7,11,22,,,12,11
1530649020,14,5,3,,9,,,9,24,11,15,,29,11,,,,28,3,9,,31,36,7,,5,,,7,7,14,,,11,7
1530649080,8,,3,,,,,,24,,15,,,,,,,,3,,,41,4,4,,,,,,4,8,,,,4
1530649140,10,,3,,,,,,24,,15,,,,,,,,3,,,44,5,5,,,,,,5,10,,,,5
1530649200,,,3,,,,,,24,,16,,,,,,,,3,,,33,,,,,,,,,,,,,
1530649260,30,3,3,,13,,,13,24,13,16,,42,13,,,,36,3,13,,9,57,15,,3,,,10,15,30,,,13,15
1530649320,18,1,3,,9,10,,9,24,8,15,,20,8,,,,20,3,9,,14,29,9,,1,,,5,9,18,,,8,9
1530649380,,,3,,,,,,24,1,16,,4,1,,,,,3,,,13,4,,,,,,,,,,,1,
1530649440,10,,3,,,,,,24,,16,,,,,,,,3,,,17,5,5,,,,,,5,10,,,,5
1530649500,28,2,3,,12,,,12,24,12,15,,26,12,,,,34,3,12,,52,40,14,,2,,4,10,14,28,,,12,14
1530649560,8,,3,,,,,,24,,15,,,,,,,,3,,,56,4,4,,,,,,4,8,,,,4
1530649620,10,,3,,,,,,24,,16,,,,,,,,3,,,18,5,5,,,,,,5,10,,,,5
1530649680,10,,3,,10,,,10,24,10,15,,25,10,,,,20,3,10,,13,30,5,,,,,5,5,10,,,10,5
1530649740,8,,3,,,,,,24,,15,,,,,,,,3,,,21,4,4,,,,,,4,8,,,,4
1530649800,10,,3,,,,,,24,,15,,,,,,,,3,,,21,5,5,,,,,,5,10,,,,5
1530649860,,,3,,,,,,24,,16,,,,,,,,3,,,34,,,,,,,,,,,,,
1530649920,10,,3,,,,,,24,,15,,,,,,,,3,,,50,5,5,,,,,,5,10,,,,5
1530649980,24,2,3,,16,10,,16,24,15,15,,38,15,,,,34,3,16,,45,50,12,,2,,,8,12,24,,,15,12
1530650040,10,4,3,,6,,,6,24,7,16,,19,7,,,,20,3,6,,41,24,5,,4,,,5,5,10,,,7,5
1530650100,10,,3,,,,,,24,,16,,,,,,,,3,,,13,5,5,,,,,,5,10,,,,5
1530650160,8,,3,,,,,,24,,15,,,,,,,,3,,,8,4,4,,,,,,4,8,,,,4
1530650220,14,1,3,,11,,,11,24,11,16,,29,11,,,,32,3,11,,11,36,7,,1,,,7,7,14,,,11,7
1530650280,8,,3,,,,,,24,,17,,,,,,,,3,,,11,4,4,,,,,,4,8,,,,4
1530650340,12,,3,,10,,,10,24,10,15,,25,10,,,,20,3,10,,23,31,6,,,,1,5,6,12,,,10,6
1530650400,8,,3,,,,,,24,,15,,,,,,,,3,,,18,4,4,,,,,,4,8,,,,4
1530650460,10,,3,,,,,,24,,16,,,,,,,,3,,,13,5,5,,,,,,5,10,,,,5
1530650520,16,2,3,,12,,,12,24,12,15,,26,12,,,,34,3,12,,18,34,8,,2,,,8,8,16,,,12,8
1530650580,8,,3,,,,,,24,,15,,,,,,,,3,,,13,4,4,,,,,,4,8,,,,4
1530650640,10,,3,,,,,,24,,17,,,,,,,,3,,,12,5,5,,,,,,5,10,,,,5
1530650700,10,,3,,10,10,,10,24,10,15,,20,10,,,,20,3,10,,14,25,5,,,,,5,5,10,,,10,5
1530650760,10,,3,,,,,,24,,15,,,,,,,,3,,,12,5,5,,,,,,5,10,,,,5
1530650820,8,,3,,,,,,24,,16,,,,,,,,3,,,16,4,4,,,,,,4,8,,,,4
1530650880,10,,3,,,,,,24,,15,,,,,,,,3,,,18,5,5,,,,,,5,10,,,,5
1530650940,8,,3,,4,,,3,24,4,15,,6,3,,,,,3,4,,14,10,4,,,,,,4,8,,,3,4
1530651000,28,6,3,,16,,,17,24,15,14,,48,16,,,,52,3,16,,18,62,14,,6,,,13,14,28,,,16,14
1530651060,,,3,,,,,,24,1,17,,2,1,,,,,3,,,21,2,,,,,,,,,,,1,
1530651120,10,,3,,,,,,24,,15,,,,,,,,3,,,16,5,5,,,,,,5,10,,,,5
1530651180,24,2,3,,12,,,12,24,11,14,,30,11,,,,34,3,12,,12,42,12,,2,,,8,12,24,,,11,12
1530651240,,,3,,,,,,24,1,17,,3,1,,,,,3,,,24,3,,,,,,,,,,,1,
1530651300,10,,3,,,,,,24,,16,,,,,,,,3,,,15,5,5,,,,,,5,10,,,,5
1530651360,10,,3,,10,10,,10,24,10,15,,25,10,,,,20,3,10,,16,30,5,,,,,5,5,10,,,10,5
1530651420,10,,3,,,,,,24,,16,,,,,,,,3,,,28,5,5,,,,,,5,10,,,,5
1530651480,8,,3,,,,,,24,,15,,,,,,,,3,,,21,4,4,,,,,,4,8,,,,4
1530651540,16,2,3,,12,,,12,24,12,15,,33,12,,,,34,3,12,,19,41,8,,2,,,8,8,16,,,12,8
1530651600,8,,3,,,,,,24,,16,,,,,,,,3,,,37,4,4,,,,,,4,8,,,,4
1530651660,12,,3,,10,,,10,24,10,18,,20,10,,,,20,3,10,,29,26,6,,,,,5,6,12,,,10,6
1530651720,8,,3,,,,,,24,,15,,,,,,,,3,,,29,4,4,,,,,,4,8,,,,4
1530651780,2,,3,,,,,,24,,16,,,,,,,,3,,,17,1,1,,,,,,1,2,,,,1
1530651840,8,,3,,,,,,24,,17,,,,,,,,3,,,29,4,4,,,,,,4,8,,,,4
1530651900,10,,3,,,,,,24,,15,,,,,,,,3,,,25,5,5,,,,,,5,10,,,,5
1530651960,8,,3,,4,8,,4,24,4,17,,8,4,,,,,3,4,,26,12,4,,,,,,4,8,,,4,4
1530652020,26,6,3,,16,2,,16,24,15,16,,45,15,,,,52,3,16,,24,58,13,,6,,,13,13,26,,,15,13
1530652080,,,3,,,,,,24,1,16,,3,1,,,,,3,,,20,3,,,,,,,,,,,1,
1530652140,26,2,3,,12,,,12,24,12,14,,33,12,,,,34,3,12,,30,46,13,,2,,,9,13,26,,,12,13
1530652200,8,,3,,,,,,24,,15,,,,,,,,3,,,33,4,4,,,,,,4,8,,,,4
1530652260,2,,3,,,,,,24,,16,,,,,,,,3,,,39,1,1,,,,,,1,2,,,,1
1530652320,18,,3,,10,,,10,24,10,18,,25,10,,,,20,3,10,,43,34,9,,,,,5,9,18,,,10,9
1530652380,8,,3,,,,,,24,,15,,,,,,,,3,,,37,4,4,,,,,,4,8,,,,4
1530652440,2,,3,,,,,,24,,16,,,,,,,,3,,,16,1,1,,,,,,1,2,,,,1
1530652500,8,,3,,,,,,24,,17,,,,,,,,3,,,31,4,4,,,,,,4,8,,,,4
1530652560,28,2,3,,12,,,12,24,12,16,,33,12,,,,34,3,12,,13,47,14,,2,,,9,14,28,,,12,14
1530652620,8,,3,,,,,,24,,16,,,,,,,,3,,,15,4,4,,,,,,4,8,,,,4
1530652680,10,1,3,,9,10,,9,24,9,16,,19,9,,,,20,3,9,,22,24,5,,1,,,5,5,10,,,9,5
1530652740,10,,3,,,,,,24,,15,,,,,,,,3,,,29,5,5,,,,,,5,10,,,,5
1530652800,8,,3,,,,,,24,,15,,,,,,,,3,,,27,4,4,,,,,,4,8,,,,4
1530652860,10,,3,,,,,,24,,16,,,,,,,,3,,,49,5,5,,,,,,5,10,,,,5
1530652920,,,3,,,,,,24,,15,,,,,,,,3,,,50,,,,,,,,,,,,,
1530652980,20,,3,,14,,,14,24,14,14,,38,14,,,,20,3,14,,33,48,10,,,,,5,10,20,,,14,10
1530653040,24,4,3,,12,,,12,24,7,24,,17,7,,,,32,3,12,,21,29,12,,4,,,8,12,24,,,7,12
1530653100,24,12,3,,12,,,12,24,17,18,,47,17,,,,48,3,12,,26,59,12,,12,,,12,12,24,,,17,12
1530653160,8,,3,,,,,,24,,20,,,,,,,,3,,,28,4,4,,,,,,4,8,,,,4
1530653220,10,,3,,,,,,24,,24,,,,,,,,3,,,28,5,5,,,,,,5,10,,,,5
1530653280,10,,3,,10,10,,10,24,10,23,,20,10,,,,20,3,10,,30,25,5,,,,,5,5,10,,,10,5
1530653340,8,,3,,,,,,24,,23,,,,,,,,3,,,34,4,4,,,,,,4,8,,,,4
1530653400,2,,3,,,,,,24,,17,,,,,,,,3,,,25,1,1,,,,,,1,2,,,,1
1530653460,8,,3,,,,,,24,,23,,,,,,,,3,,,20,4,4,,,,,,4,8,,,,4
1530653520,10,,3,,,,,,24,,24,,,,,,,,3,,,36,5,5,,,,,,5,10,,,,5
1530653580,30,10,3,,20,,,20,24,20,19,,60,20,,,,60,3,20,,28,75,15,,10,,,15,15,30,,,20,15
1530653640,8,,3,,,,,,24,,17,,,,,,,,3,,,29,4,4,,,,,,4,8,,,,4
1530653700,2,,3,,,,,,24,,20,,,,,,,,3,,,23,1,1,,,,,,1,2,,,,1
1530653760,8,,3,,,,,,24,,19,,,,,,,,3,,,31,4,4,,,,,,4,8,,,,4
1530653820,20,3,3,,13,,,13,24,13,19,,37,13,,,,36,3,13,,26,47,10,,3,,,10,10,20,,,13,10
1530653880,18,1,3,,9,10,,9,24,9,19,,24,9,,,,20,3,9,,24,33,9,,1,,,5,9,18,,,9,9
1530653940,,,3,,,,,,24,,21,,,,,,,,3,,,26,,,,,,,,,,,,,
1530654000,10,,3,,,,,,24,,28,,,,,,,,3,,,23,5,5,,,,,,5,10,,,,5
1530654060,8,,3,,,,,,24,,19,,,,,,,,3,,,23,4,4,,,,,,4,8,,,,4
1530654120,20,3,3,,13,,,13,24,13,18,,29,13,,,,36,3,13,,27,39,10,,3,,,10,10,20,,,13,10
1530654180,18,,3,,10,,,10,24,10,15,,20,10,,,,20,3,10,,19,29,9,,,,,5,9,18,,,10,9
1530654240,,,3,,,,,,24,,16,,,,,,,,3,,,20,,,,,,,,,,,,,
1530654300,10,,3,,,,,,24,,15,,,,,,,,3,,,18,5,5,,,,,,5,10,,,,5
1530654360,8,,3,,,,,,24,,16,,,,,,,,3,,,24,4,4,,,,,,4,8,,,,4
1530654420,10,,3,,,,,,24,,16,,,,,,,,3,,,31,5,5,,,,,,5,10,,,,5
1530654480,8,,3,,4,,,4,24,4,15,,8,4,,,,,3,4,,29,12,4,,,,,,4,8,,,4,4
1530654540,12,,3,,10,10,,10,24,10,14,,30,10,,,,20,3,10,,21,36,6,,,,,5,6,12,,,10,6
1530654600,18,1,3,,9,,,9,24,8,13,,18,8,,,,28,3,9,,29,27,9,,1,,,5,9,18,,,8,9
1530654660,22,10,3,,10,,,10,24,11,18,,31,11,,,,42,3,10,,24,42,11,,10,,,11,11,22,,,11,11
1530654720,8,,3,,,,,,24,,15,,,,,,,,3,,,27,4,4,,,,,,4,8,,,,4
1530654780,2,,3,,,,,,24,,15,,,,,,,,3,,,17,1,1,,,,,,1,2,,,,1
1530654840,8,,3,,,,,,24,,16,,,,,,,,3,,,17,4,4,,,,,,4,8,,,,4
1530654900,10,,3,,10,,,10,24,10,15,,25,10,,,,20,3,10,,20,30,5,,,,,5,5,10,,,10,5
1530654960,10,,3,,,,,,24,,17,,,,,,,,3,,,18,5,5,,,,,,5,10,,,,5
1530655020,8,,3,,,,,,24,,17,,,,,,,,3,,,26,4,4,,,,,,4,8,,,,4
1530655080,10,,3,,,,,,24,,15,,,,,,,,3,,,21,5,5,,,,,,5,10,,,,5
1530655140,20,5,3,,15,10,,15,24,15,14,,45,15,,,,40,3,15,,17,55,10,,5,,,10,10,20,,,15,10
1530655200,10,5,3,,5,,,5,24,5,18,,15,5,,,,20,3,5,,20,20,5,,5,,,5,5,10,,,5,5
1530655260,8,,3,,,,,,24,,16,,,,,,,,3,,,14,4,4,,,,,,4,8,,,,4
1530655320,2,,3,,,,,,24,,15,,,,,,,,3,,,24,1,1,,,,,,1,2,,,,1
1530655380,8,,3,,,,,,24,,15,,,,,,,,3,,,22,4,4,,,,,,4,8,,,,4
1530655440,10,,3,,,,,,24,,16,,,,,,,,3,,,24,5,5,,,,,,5,10,,,,5
1530655500,8,,3,,4,,,4,24,4,15,,8,4,,,,,3,4,,22,12,4,,,,,,4,8,,,4,4
1530655560,12,,3,,10,,,10,24,10,14,,30,10,,,,20,3,10,,16,36,6,,,,,5,6,12,,,10,6
1530655620,28,4,3,,12,,,12,24,12,15,,36,12,,,,36,3,12,,15,50,14,,4,,,10,14,28,,,12,14
1530655680,20,6,3,,10,,,10,24,10,15,,26,10,,,,36,3,10,,14,36,10,,6,,,10,10,20,,,10,10
1530655740,10,,3,,,,,,24,,15,,,,,,,,3,,,22,5,5,,,,,,5,10,,,,5
1530655800,8,,3,,,,,,24,,15,,,,,,,,3,,,15,4,4,,,,,,4,8,,,,4
1530655860,10,,3,,10,10,,10,24,10,16,,25,10,,,,20,3,10,,18,30,5,,,,,5,5,10,,,10,5
1530655920,8,,3,,,,,,24,,15,,,,,,,,3,,,12,4,4,,,,,,4,8,,,,4
1530655980,2,,3,,,,,,24,,15,,,,,,,,3,,,15,1,1,,,,,,1,2,,,,1
1530656040,8,,3,,,,,,24,,16,,,,,,,,3,,,27,4,4,,,,,,4,8,,,,4
1530656100,10,,3,,,,,,24,,16,,,,,,,,3,,,24,5,5,,,,,,5,10,,,,5
1530656160,20,3,3,,13,,,13,24,13,14,,37,13,,,,36,3,13,,22,47,10,,3,,,10,10,20,,,13,10
1530656220,10,3,3,,7,,,7,24,7,19,,17,7,,,,20,3,7,,28,22,5,,3,,,5,5,10,,,7,5
1530656280,8,,3,,,,,,24,,15,,,,,,,,3,,,22,4,4,,,,,,4,8,,,,4
1530656340,10,,3,,,,,,24,,15,,,,,,,,3,,,27,5,5,,,,,,5,10,,,,5
1530656400,4,,3,,,,,,23,,15,,,,,,,,3,,,34,2,2,,,,,,5,7,,,,5
1530656460,6,,3,,,,,,25,,18,,,,,,,,3,,,46,3,3,,,,,,,3,,,,
1530656520,18,,3,,14,10,,14,24,14,17,,38,14,,,,20,3,14,,33,47,9,,,,,5,9,18,,,14,9
1530656580,18,8,3,,8,,,8,24,8,15,,32,8,,,,36,3,8,,28,41,9,,8,,,9,9,18,,,8,9
1530656640,6,,3,,,,,,24,,16,,,,,,,,3,,,22,3,3,,,,,,3,6,,,,3
1530656700,18,3,3,,11,,,11,24,11,15,,25,11,,,,34,3,11,,15,34,9,,3,,,8,9,18,,,11,9
1530656760,8,,3,,,,,,24,,18,,,,,,,,3,,,1,4,4,,,,,,4,8,,,,4
1530656820,10,,3,,,,,,24,,21,,,,,,,,3,,,2,5,5,,,,,,5,10,,,,5
1530656880,10,,3,,10,,,10,24,10,20,,20,10,,,,20,3,10,,1,25,5,,,1,,5,5,10,,,10,5
1530656940,10,,3,,,,,,24,,22,,,,,,,,3,,,2,5,5,,,,,,5,10,,,,5
1530657000,8,,3,,,,,,24,,20,,,,,,,,3,,,6,4,4,,,,,,4,8,,,,4
1530657060,10,,3,,,,,,24,,26,,,,,,,,3,,,,5,5,,,10,,,5,10,,,,5
1530657120,10,,3,,10,10,,10,24,10,22,,30,10,,,,20,3,10,,1,35,5,,,3,,5,5,10,,,10,5
1530657180,18,7,3,,7,,,7,24,6,24,,20,6,,,,34,3,7,,1,29,9,,7,5,,9,9,18,,,6,9
1530657240,,,3,,,,,,24,1,20,,1,1,,,,,3,,,3,1,,,,,,,,,,,1,
1530657300,10,,3,,,,,,24,,18,,,,,,,,3,,,31,5,5,,,,,,5,10,,,,5
1530657360,20,5,3,,15,,,15,24,15,14,,45,15,,,,40,3,15,,38,55,10,,5,,,10,10,20,,,15,10
1530657420,8,,3,,,,,,24,,15,,,,,,,,3,,,35,4,4,,,,,,4,8,,,,4
1530657480,12,,3,,10,,,10,24,10,15,,20,10,,,,20,3,10,,21,26,6,,,,1,5,6,12,,,10,6
1530657540,10,,3,,,,,,24,,16,,,,,,,,3,,,24,5,5,,,,,,5,10,,,,5
1530657600,8,,3,,,,,,24,,15,,,,,,,,3,,,31,4,4,,,,,,4,8,,,,4
1530657660,10,,3,,,,,,24,,16,,,,,,,,3,,,28,5,5,,,,,,5,10,,,,5
1530657720,16,2,3,,12,,,12,24,12,15,,33,12,,,,34,3,12,,31,41,8,,2,,,8,8,16,,,12,8
1530657780,10,4,3,,6,10,,6,24,6,16,,16,6,,,,20,3,6,,49,21,5,,4,,,5,5,10,,,6,5
1530657840,8,,3,,,,,,24,,16,,,,,,,,3,,,54,4,4,,,,,,4,8,,,,4
1530657900,2,,3,,,,,,24,,15,,,,,,,,3,,,52,1,1,,,,,,1,2,,,,1
1530657960,8,,3,,,,,,24,,15,,,,,,,,3,,,56,4,4,,,,,,4,8,,,,4
1530658020,10,,3,,,,,,24,,16,,,,,,,,3,,,57,5,5,,,,,,5,10,,,,5
1530658080,8,,3,,4,,,4,24,4,15,,8,4,,,,,3,4,,53,12,4,,,,,,4,8,,,4,4
1530658140,12,,3,,10,,,10,24,10,15,,30,10,,,,20,3,10,,30,36,6,,,,1,5,6,12,,,10,6
1530658200,22,1,3,,9,,,9,24,8,16,,18,8,,,,28,3,9,,21,29,11,,1,,,7,11,22,,,8,11
1530658260,2,1,3,,1,,,1,24,2,16,,4,2,,,,4,3,1,,30,5,1,,1,,,1,1,2,,,2,1
1530658320,28,3,3,,13,,,13,24,13,15,,37,13,,,,36,3,13,,37,51,14,,3,,,10,14,28,,,13,14
1530658380,8,,3,,,,,,24,,16,,,,,,,,3,,,31,4,4,,,,,,4,8,,,,4
1530658440,12,,3,,10,10,,10,24,10,16,,25,10,,,,20,3,10,,27,31,6,,,,,5,6,12,,,10,6
1530658500,8,,3,,,,,,24,,16,,,,,,,,3,,,37,4,4,,,,,,4,8,,,,4
1530658560,2,,3,,,,,,24,,15,,,,,,,,3,,,39,1,1,,,,,,1,2,,,,1
1530658620,8,,3,,,,,,24,,16,,,,,,,,3,,,32,4,4,,,,,,4,8,,,,4
1530658680,10,,3,,,,,,24,,15,,,,,,,,3,,,38,5,5,,,,,,5,10,,,,5
1530658740,20,2,3,,12,,,12,24,12,15,,33,12,,,,34,3,12,,28,43,10,,2,,,10,10,20,,,12,10
1530658800,10,2,3,,8,,,8,24,8,16,,18,8,,,,20,3,8,,17,23,5,,2,,,5,5,10,,,8,5
1530658860,10,,3,,,,,,24,,18,,,,,,,,3,,,10,5,5,,,,,,5,10,,,,5
1530658920,8,,3,,,,,,24,,15,,,,,,,,3,,,8,4,4,,,,,,4,8,,,,4
1530658980,10,,3,,,,,,24,,16,,,,,,,,3,,,20,5,5,,,,,,5,10,,,,5
1530659040,,,3,,,,,,24,,17,,,,,,,,3,,,11,,,,,,,,,,,,,
1530659100,18,,3,,14,10,,14,24,14,15,,38,14,,,,20,3,14,,21,47,9,,,,,5,9,18,,,14,9
1530659160,8,,3,,,,,,24,,15,,,,,,,,3,,,21,4,4,,,,,,4,8,,,,4
1530659220,22,2,3,,12,,,12,24,11,16,,23,11,,,,34,3,12,,23,34,11,,2,,,10,11,22,,,11,11
1530659280,16,4,3,,10,,,10,24,11,15,,34,11,,,,34,3,10,,19,42,8,,4,,,8,8,16,,,11,8
1530659340,8,,3,,,,,,24,,15,,,,,,,,3,,,10,4,4,,,,,,4,8,,,,4
1530659400,10,,3,,,,,,24,,15,,,,,,,,3,,,18,5,5,,,,,,5,10,,,,5
1530659460,10,,3,,10,,,10,24,10,15,,20,10,,,,20,3,10,,22,25,5,,,,,5,5,10,,,10,5
1530659520,10,,3,,,,,,24,,18,,,,,,,,3,,,17,5,5,,,,,,5,10,,,,5
1530659580,8,,3,,,,,,24,,15,,,,,,,,3,,,13,4,4,,,,,,4,8,,,,4
1530659640,10,,3,,,,,,24,,18,,,,,,,,3,,,12,5,5,,,,,,5,10,,,,5
1530659700,,,3,,,,,,24,,16,,,,,,,,3,,,19,,,,,,,,,,,,,
1530659760,36,5,3,,23,10,,23,24,23,14,,58,23,,,,54,3,23,,24,76,18,,5,,,14,18,36,,,23,18
1530659820,8,,3,,,,,,24,,16,,,,,,,,3,,,20,4,4,,,,,,4,8,,,,4
1530659880,2,,3,,,,,,24,,15,,,,,,,,3,,,19,1,1,,,,,,1,2,,,,1
1530659940,8,,3,,,,,,24,,15,,,,,,,,3,,,18,4,4,,,,,,4,8,,,,4
1530660000,10,,3,,,,,,24,,15,,,,,,,,3,,,14,5,5,,,,,,5,10,,,,5
1530660060,8,,3,,4,,,4,24,4,16,,8,4,,,,,3,4,,25,12,4,,,,,,4,8,,,4,4
1530660120,12,,3,,10,,,10,24,10,15,,30,10,,,,20,3,10,,16,36,6,,,,,5,6,12,,,10,6
1530660180,10,,3,,,,,,24,,15,,,,,,,,3,,,14,5,5,,,,,,5,10,,,,5
1530660240,38,10,3,,22,,,22,24,20,16,,57,20,,,,72,3,22,,21,76,19,,10,,,19,19,38,,,20,19
1530660300,,,3,,,,,,24,2,16,,6,2,,,,,3,,,18,6,,,,,,,,,,,2,
1530660360,10,,3,,,,,,24,,15,,,,,,,,3,,,26,5,5,,,,,,5,10,,,,5
1530660420,18,,3,,10,10,,10,24,10,15,,20,10,,,,20,3,10,,13,29,9,,,,,5,9,18,,,10,9
1530660480,8,,3,,,,,,24,,15,,,,,,,,3,,,8,4,4,,,,,,4,8,,,,4
1530660540,2,,3,,,,,,24,,15,,,,,,,,3,,,15,1,1,,,,,,1,2,,,,1
1530660600,8,,3,,,,,,24,,15,,,,,,,,3,,,13,4,4,,,,,,4,8,,,,4
1530660660,10,,3,,,,,,24,,18,,,,,,,,3,,,5,5,5,,,,,,5,10,,,,5
1530660720,8,,3,,4,,,4,24,4,17,,8,4,,,,,3,4,,5,12,4,,,,,,4,8,,,4,4
1530660780,30,8,3,,18,,,18,24,18,15,,54,18,,,,56,3,18,,8,69,15,,8,,,15,15,30,,,18,15
1530660840,8,,3,,,,,,24,,24,,,,,,,,3,,,1,4,4,,,3,,,4,8,,,,4
1530660900,10,,3,,,,,,24,,25,,,,,,,,3,,,1,5,5,,,1,,,5,10,,,,5
1530660960,,,3,,,,,,24,,18,,,,,,,,3,,,8,,,,,,,,,,,,,
1530661020,10,,3,,1,,,1,24,1,21,,1,1,,,,,3,1,,2,6,5,,,,,,5,10,,,1,5
1530661080,24,7,3,,17,10,,17,24,17,18,,58,17,,,,54,3,17,,21,70,12,,7,,,12,12,24,,,17,12
1530661140,8,,3,,,,,,24,,15,,,,,,,,3,,,25,4,4,,,,,,4,8,,,,4
1530661200,2,,3,,,,,,24,,15,,,,,,,,3,,,11,1,1,,,,,,1,2,,,,1
1530661260,24,,3,,10,,,10,24,9,15,,22,9,,,,28,3,10,,22,34,12,,,,,8,12,24,,,9,12
1530661320,2,1,3,,1,,,1,24,2,16,,7,2,,,,4,3,1,,14,8,1,,1,,,1,1,2,,,2,1
1530661380,18,,3,,10,,,10,24,10,19,,20,10,,,,20,3,10,,1,29,9,,,,,5,9,18,,,10,9
1530661440,8,,3,,,,,,24,,16,,,,,,,,3,,,4,4,4,,,,,,4,8,,,,4
1530661500,10,,3,,,,,,24,,18,,,,,,,,3,,,1,5,5,,,,,,5,10,,,,5
1530661560,,,3,,,,,,24,,16,,,,,,,,3,,,2,,,,,,,,,,,,,
1530661620,10,,3,,,,,,24,,22,,,,,,,,3,,,2,5,5,,,,,,5,10,,,,5
1530661680,18,,3,,14,10,,14,24,14,16,,38,14,,,,20,3,14,,6,47,9,,,,,5,9,18,,,14,9
1530661740,,,3,,,,,,24,,15,,,,,,,,3,,,19,,,,,,,,,,,,,
1530661800,26,3,3,,11,,,11,24,11,15,,25,11,,,,34,3,11,,39,38,13,,3,,,9,13,26,,,11,13
1530661860,8,,3,,,,,,24,,16,,,,,,,,3,,,22,4,4,,,,,,4,8,,,,4
1530661920,10,,3,,,,,,24,,15,,,,,,,,3,,,26,5,5,,,,,,5,10,,,,5
1530661980,,,3,,,,,,24,,15,,,,,,,,3,,,29,,,,,,,,,,,,,
1530662040,24,7,3,,17,,,17,24,17,16,,53,17,,,,54,3,17,,33,65,12,,7,,,12,12,24,,,17,12
1530662100,8,,3,,,,,,24,,16,,,,,,,,3,,,23,4,4,,,,,,4,8,,,,4
1530662160,10,,3,,,,,,24,,16,,,,,,,,3,,,28,5,5,,,,,,5,10,,,,5
1530662220,,,3,,,,,,24,,16,,,,,,,,3,,,30,,,,,,,,,,,,,
1530662280,22,,3,,9,10,,8,24,7,16,,13,6,,,,22,3,9,,32,23,11,,,,,6,11,22,,,6,11
1530662340,16,5,3,,10,,,11,24,12,16,,37,13,,,,32,3,10,,6,46,8,,5,,,8,8,16,,,13,8
1530662400,,,3,,,,,,24,,16,,,,,,,,3,,,12,,,,,,,,,,,,,
1530662460,10,,3,,,,,,24,,16,,,,,,,,3,,,34,5,5,,,,,,5,10,,,,5
1530662520,8,,3,,,,,,24,,15,,,,,,,,3,,,27,4,4,,,,,,4,8,,,,4
1530662580,10,,3,,,,,,24,,15,,,,,,,,3,,,16,5,5,,,,,,5,10,,,,5
1530662640,8,,3,,4,,,4,24,4,16,,8,4,,,,,3,4,,13,12,4,,,,,,4,8,,,4,4
1530662700,12,,3,,10,,,10,24,10,15,,30,10,,,,20,3,10,,20,36,6,,,,1,5,6,12,,,10,6
1530662760,8,,3,,,,,,24,,15,,,,,,,,3,,,25,4,4,,,,,,4,8,,,,4
1530662820,18,1,3,,11,,,11,24,11,15,,23,11,,,,32,3,11,,30,32,9,,1,,,8,9,18,,,11,9
1530662880,8,,3,,,,,,24,,15,,,,,,,,3,,,23,4,4,,,,,,4,8,,,,4
1530662940,6,,3,,,,,,24,,15,,,,,,,,3,,,11,3,3,,,,,,4,7,,,,4
1530663000,32,7,3,,18,10,,17,24,16,16,,46,15,,,,54,3,18,,18,62,16,,7,,,14,15,31,,,15,15
1530663060,,,3,,1,,,2,24,3,15,,12,4,,,,2,3,1,,15,12,,,,,,,,,,,4,
1530663120,10,,3,,,,,,24,,15,,,,,,,,3,,,15,5,5,,,,,,5,10,,,,5
1530663180,8,,3,,,,,,24,,15,,,,,,,,3,,,14,4,4,,,,,,4,8,,,,4
1530663240,10,,3,,,,,,24,,16,,,,,,,,3,,,22,5,5,,,,,,5,10,,,,5
1530663300,8,,3,,4,,,4,24,4,15,,8,4,,,,,3,4,,18,12,4,,,,,,4,8,,,4,4
1530663360,28,9,3,,19,,,19,24,19,15,,56,19,,,,58,3,19,,25,70,14,,9,,,14,14,28,,,19,14
1530663420,8,,3,,,,,,24,,17,,,,,,,,3,,,32,4,4,,,,,,4,8,,,,4
1530663480,2,,3,,,,,,24,,16,,,,,,,,3,,,19,1,1,,,,,,1,2,,,,1
1530663540,8,,3,,,,,,24,,15,,,,,,,,3,,,20,4,4,,,,,,4,8,,,,4
1530663600,10,,3,,,,,,24,,15,,,,,,,,3,,,13,5,5,,,,,,5,10,,,,5
1530663660,8,,3,,4,8,,4,24,4,18,,8,4,,,,,3,4,,14,12,4,,,,,,4,8,,,4,4
1530663720,10,,3,,10,2,,10,24,10,15,,30,10,,,,20,3,10,,20,35,5,,,,,5,5,10,,,10,5
1530663780,10,,3,,,,,,24,,17,,,,,,,,3,,,27,5,5,,,,,,5,10,,,,5
1530663840,28,5,3,,15,,,15,24,15,14,,35,15,,,,40,3,15,,22,49,14,,5,,,10,14,28,,,15,14
1530663900,,,3,,,,,,24,,15,,,,,,,,3,,,45,,,,,,,,,,,,,
1530663960,26,4,3,,12,,,12,24,12,15,,36,12,,,,36,3,12,,32,49,13,,4,,,9,13,26,,,12,13
1530664020,18,,3,,10,,,10,24,10,15,,20,10,,,,20,3,10,,23,29,9,,,,,5,9,18,,,10,9
1530664080,8,,3,,,,,,24,,16,,,,,,,,3,,,22,4,4,,,,,,4,8,,,,4
1530664140,2,,3,,,,,,24,,16,,,,,,,,3,,,29,1,1,,,,,,1,2,,,,1
1530664200,8,,3,,,,,,24,,15,,,,,,,,3,,,38,4,4,,,,,,4,8,,,,4
1530664260,10,,3,,,,,,24,,18,,,,,,,,3,,,40,5,5,,,,,,5,10,,,,5
1530664320,8,,3,,4,8,,4,24,4,15,,8,4,,,,,3,4,,20,12,4,,,,,,4,8,,,4,4
1530664380,30,10,3,,20,2,,20,24,20,15,,60,20,,,,60,3,20,,22,75,15,,10,,,15,15,30,,,20,15
1530664440,8,,3,,,,,,24,,16,,,,,,,,3,,,19,4,4,,,,,,4,8,,,,4
1530664500,10,,3,,,,,,24,,16,,,,,,,,3,,,27,5,5,,,,,,5,10,,,,5
1530664560,,,3,,,,,,24,,16,,,,,,,,3,,,35,,,,,,,,,,,,,
1530664620,10,,3,,,,,,24,,16,,,,,,,,3,,,26,5,5,,,,,,5,10,,,,5
1530664680,18,,3,,14,,,14,24,14,15,,38,14,,,,20,3,14,,35,47,9,,,,,5,9,18,,,14,9
1530664740,4,,3,,,,,,24,,15,,,,,,,,3,,,35,3,2,,,,,,4,7,,,,4
1530664800,6,,3,,,,,,24,,16,,,,,,,,3,,,30,2,3,,,,,,1,3,,,,1
1530664860,26,3,3,,13,,,13,23,11,15,,31,11,,,,36,3,13,,33,44,13,,3,,,9,13,26,,,11,13
1530664920,16,7,3,,9,,,9,25,11,16,,39,11,,,,36,3,9,,32,47,8,,7,,,8,8,16,,,11,8
1530664980,8,,3,,,,,,24,,15,,,,,,,,3,,,28,4,4,,,,,,4,8,,,,4
1530665040,12,,3,,10,10,,10,24,10,16,,20,10,,,,20,3,10,,21,26,6,,,,,5,6,12,,,10,6
1530665100,8,,3,,,,,,24,,15,,,,,,,,3,,,24,4,4,,,,,,4,8,,,,4
1530665160,10,,3,,,,,,24,,15,,,,,,,,3,,,28,5,5,,,,,,5,10,,,,5
1530665220,,,3,,,,,,24,,16,,,,,,,,3,,,27,,,,,,,,,,,,,
1530665280,10,,3,,,,,,24,,15,,,,,,,,3,,,27,5,5,,,,,,5,10,,,,5
1530665340,20,,3,,13,,,12,22,10,13,,27,9,,,,18,3,13,,22,37,10,,,,,5,10,20,,,9,10
1530665400,20,7,3,,8,,,9,26,11,15,,32,12,,,,36,3,8,,35,42,10,,7,,,10,10,20,,,12,10
1530665460,8,,3,,,,,,24,,16,,,,,,,,3,,,38,4,4,,,,,,4,8,,,,4
1530665520,2,,3,,,,,,24,,15,,,,,,,,3,,,27,1,1,,,,,,1,2,,,,1
1530665580,8,,3,,,,,,24,,15,,,,,,,,3,,,35,4,4,,,,,,4,8,,,,4
1530665640,10,,3,,2,,,2,24,2,17,,2,2,,,,,3,2,,42,7,5,,,,,,5,10,,,2,5
1530665700,10,,3,,10,10,,10,24,10,15,,30,10,,,,20,3,10,,37,35,5,,,,,5,5,10,,,10,5
1530665760,8,,3,,,,,,24,,15,,,,,,,,3,,,11,4,4,,,,,,4,8,,,,4
1530665820,2,,3,,,,,,24,,16,,,,,,,,3,,,33,1,1,,,,,,1,2,,,,1
1530665880,26,3,3,,13,,,13,24,12,14,,36,12,,,,36,3,13,,36,49,13,,3,,,9,13,26,,,12,13
1530665940,20,7,3,,9,,,9,24,10,16,,34,10,,,,36,3,9,,30,44,10,,7,,,10,10,20,,,10,10
1530666000,8,,3,,,,,,24,,16,,,,,,,,3,,,23,4,4,,,,,,4,8,,,,4
1530666060,12,,3,,10,,,10,24,10,17,,20,10,,,,20,3,10,,29,26,6,,,,1,5,6,12,,,10,6
1530666120,8,,3,,,,,,24,,15,,,,,,,,3,,,29,4,4,,,,,,4,8,,,,4
1530666180,10,,3,,,,,,24,,15,,,,,,,,3,,,23,5,5,,,,,,5,10,,,,5
1530666240,,,3,,,,,,24,,16,,,,,,,,3,,,29,,,,,,,,,,,,,
1530666300,10,,3,,,,,,24,,16,,,,,,,,3,,,41,5,5,,,,,,5,10,,,,5
1530666360,18,,3,,13,10,,12,22,11,14,,26,10,,,,18,3,13,,35,35,9,,,,,5,9,18,,,10,9
1530666420,,,3,,1,,,2,26,3,16,,12,4,,,,2,3,1,,24,12,,,,,,,,,,,4,
1530666480,16,8,3,,8,,,8,24,8,14,,24,8,,,,36,3,8,,28,32,8,,8,,,8,8,16,,,8,8
1530666540,8,,3,,,,,,24,,15,,,,,,,,3,,,35,4,4,,,,,,4,8,,,,4
1530666600,10,,3,,,,,,24,,15,,,,,,,,3,,,31,5,5,,,,,,5,10,,,,5
1530666660,4,,3,,,,,,24,,16,,,,,,,,3,,,26,2,2,,,,,,2,4,,,,2
1530666720,16,,3,,10,,,10,24,10,15,,30,10,,,,20,3,10,,20,38,8,,,,,5,8,16,,,10,8
1530666780,4,,3,,,,,,24,,16,,,,,,,,3,,,30,2,2,,,,,,4,6,,,,4
1530666840,18,,3,,10,,,10,24,8,15,,22,8,,,,26,3,10,,34,31,9,,,,,6,7,16,,,8,7
1530666900,4,2,3,,2,,,2,24,4,15,,11,4,,,,8,3,2,,30,13,2,,2,,,2,2,4,,,4,2
1530666960,10,,3,,,,,,24,,15,,,,,,,,3,,,39,5,5,,,,,,5,10,,,,5
1530667020,16,2,3,,12,10,,12,24,12,16,,33,12,,,,34,3,12,,37,41,8,,2,,,8,8,16,,,12,8
1530667080,14,2,3,,8,,,8,24,8,15,,18,8,,,,20,3,8,,28,25,7,,2,,2,5,7,14,,,8,7
1530667140,8,,3,,,,,,24,,15,,,,,,,,3,,,36,4,4,,,,,,4,8,,,,4
1530667200,8,,3,,,,,,24,,15,,,,,,,,3,,,39,5,4,,,,,,5,10,,,,5
1530667260,2,,3,,,,,,24,,16,,,,,,,,3,,,28,,1,,,,,,,,,,,
1530667320,10,,3,,,,,,24,,15,,,,,,,,3,,,26,5,5,,,,,,5,10,,,,5
1530667380,10,,3,,4,,,4,24,4,15,,8,4,,,,,3,4,,28,13,5,,,,,,5,10,,,4,5
1530667440,10,,3,,10,,,10,24,10,17,,30,10,,,,20,3,10,,32,35,5,,,,,5,5,10,,,10,5
1530667500,28,4,3,,12,,,12,24,10,15,,24,10,,,,36,3,12,,23,38,14,,4,,,10,14,28,,,10,14
1530667560,,,3,,,,,,24,2,14,,4,2,,,,,3,,,37,4,,,,,,,,,,,2,
1530667620,10,,3,,,,,,24,,17,,,,,,,,3,,,37,5,5,,,,,,5,10,,,,5
1530667680,8,,3,,,,,,24,,15,,,,,,,,3,,,25,4,4,,,,,,4,8,,,,4
1530667740,20,,3,,11,10,,11,24,11,15,,26,11,,,,20,3,11,,33,36,10,,,,,5,10,20,,,11,10
1530667800,6,,3,,,,,,24,,15,,,,,,,,3,,,17,3,3,,,,,,4,7,,,,4
1530667860,20,4,3,,12,,,12,24,12,16,,36,12,,,,36,3,12,,25,46,10,,4,,,9,9,19,,,12,9
1530667920,8,,3,,,,,,24,,15,,,,,,,,3,,,14,4,4,,,,,,4,8,,,,4
1530667980,10,,3,,,,,,24,,15,,,,,,,,3,,,24,5,5,,,,,,5,10,,,,5
1530668040,20,5,3,,15,,,15,24,15,14,,45,15,,,,40,3,15,,19,55,10,,5,,,10,10,20,,,15,10
1530668100,10,5,3,,5,,,5,24,5,16,,15,5,,,,20,3,5,,22,20,5,,5,,,5,5,10,,,5,5
1530668160,8,,3,,,,,,24,,15,,,,,,,,3,,,15,4,4,,,,,,4,8,,,,4
1530668220,10,,3,,,,,,24,,15,,,,,,,,3,,,22,5,5,,,,,,5,10,,,,5
1530668280,,,3,,,,,,24,,17,,,,,,,,3,,,35,,,,,,,,,,,,,
1530668340,10,,3,,,,,,24,,15,,,,,,,,3,,,20,5,5,,,,,,5,10,,,,5
1530668400,20,,3,,14,10,,14,24,10,14,,25,10,,,,20,3,14,,43,35,10,,,,,5,10,20,,,10,10
1530668460,,,3,,,,,,24,4,16,,13,4,,,,,3,,,30,13,,,,,,,,,,,4,
1530668520,10,,3,,,,,,24,,15,,,,,,,,3,,,25,5,5,,,,,,5,10,,,,5
1530668580,20,4,3,,14,,,14,24,14,15,,32,14,,,,38,3,14,,27,42,10,,4,,,10,10,20,,,14,10
1530668640,8,,3,,,,,,24,,16,,,,,,,,3,,,29,4,4,,,,,,4,8,,,,4
1530668700,10,,3,,,,,,24,,15,,,,,,,,3,,,25,5,5,,,,,,5,10,,,,5
1530668760,10,,3,,10,,,10,24,10,17,,25,10,,,,20,3,10,,28,30,5,,,,,5,5,10,,,10,5
1530668820,18,8,3,,8,,,8,24,8,15,,32,8,,,,36,3,8,,30,41,9,,8,,,9,9,18,,,8,9
1530668880,8,,3,,,,,,24,,16,,,,,,,,3,,,34,4,4,,,,,,4,8,,,,4
1530668940,2,,3,,,,,,24,,17,,,,,,,,3,,,23,1,1,,,,,,1,2,,,,1
1530669000,8,,3,,,,,,24,,15,,,,,,,,3,,,15,4,4,,,,,,4,8,,,,4
1530669060,30,4,3,,15,10,,15,24,15,16,,42,15,,,,38,3,15,,30,57,15,,4,,,10,15,30,,,15,15
1530669120,10,4,3,,6,,,6,24,6,15,,16,6,,,,20,3,6,,42,21,5,,4,,,5,5,10,,,6,5
1530669180,10,,3,,,,,,24,,15,,,,,,,,3,,,32,5,5,,,,,,5,10,,,,5
1530669240,8,,3,,,,,,24,,16,,,,,,,,3,,,31,4,4,,,,,,4,8,,,,4
1530669300,10,,3,,,,,,24,,16,,,,,,,,3,,,20,5,5,,,,,,5,10,,,,5
1530669360,,,3,,,,,,24,,15,,,,,,,,3,,,18,,,,,,,,,,,,,
1530669420,20,,3,,14,,,14,24,14,15,,38,14,,,,20,3,14,,12,48,10,,,,,5,10,20,,,14,10
1530669480,8,,3,,,,,,24,,16,,,,,,,,3,,,20,4,4,,,,,,4,8,,,,4
1530669540,2,,3,,,,,,24,,15,,,,,,,,3,,,31,1,1,,,,,,1,2,,,,1
1530669600,28,2,3,,12,,,12,24,12,17,,26,12,,,,34,3,12,,20,40,14,,2,,,10,14,28,,,12,14
1530669660,8,,3,,,,,,24,,16,,,,,,,,3,,,40,4,4,,,,,,4,8,,,,4
1530669720,10,,3,,,,,,24,,16,,,,,,,,3,,,28,5,5,,,,,,5,10,,,,5
1530669780,26,7,3,,17,10,,17,24,17,15,,48,17,,,,54,3,17,,38,61,13,,7,,,13,13,26,,,17,13
1530669840,8,,3,,,,,,24,,16,,,,,,,,3,,,36,4,4,,,,,,4,8,,,,4
1530669900,2,,3,,,,,,24,,16,,,,,,,,3,,,20,1,1,,,,,,1,2,,,,1
1530669960,8,,3,,,,,,24,,15,,,,,,,,3,,,21,4,4,,,,,,4,8,,,,4
1530670020,10,,3,,,,,,24,,15,,,,,,,,3,,,32,5,5,,,,,,5,10,,,,5
1530670080,18,,3,,14,,,14,24,14,16,,38,14,,,,20,3,14,,31,47,9,,,,,5,9,18,,,14,9
1530670140,20,8,3,,8,,,8,24,8,15,,24,8,,,,36,3,8,,23,34,10,,8,,,10,10,20,,,8,10
1530670200,10,,3,,,,,,24,,19,,,,,,,,3,,,27,5,5,,,,,,5,10,,,,5
1530670260,8,,3,,,,,,24,,16,,,,,,,,3,,,29,4,4,,,,,,4,8,,,,4
1530670320,10,,3,,2,,,2,24,2,15,,2,2,,,,,3,2,,34,7,5,,,,,,5,10,,,2,5
1530670380,4,,3,,,,,,24,,16,,,,,,,,3,,,37,2,2,,,,,,2,4,,,,2
1530670440,14,,3,,12,10,,12,24,12,16,,34,12,,,,20,3,12,,26,41,7,,,,,5,7,14,,,12,7
1530670500,8,,3,,,,,,24,,18,,,,,,,,3,,,40,4,4,,,,,,4,8,,,,4
1530670560,10,,3,,,,,,24,,15,,,,,,,,3,,,26,5,5,,,,,,5,10,,,,5
1530670620,20,5,3,,15,,,15,24,14,15,,43,14,,,,40,3,15,,32,53,10,,5,,,10,10,20,,,14,10
1530670680,,,3,,,,,,24,1,17,,2,1,,,,,3,,,21,2,,,,,,,,,,,1,
1530670740,38,9,3,,19,,,19,24,19,15,,56,19,,,,58,3,19,,21,75,19,,9,,1,15,19,38,,,19,19
1530670800,,,3,,,,,,24,,15,,,,,,,,3,,,24,,,,,,,,,,,,,
1530670860,10,,3,,,,,,24,,18,,,,,,,,3,,,28,5,5,,,,,,5,10,,,,5
1530670920,8,,3,,,,,,24,,15,,,,,,,,3,,,40,4,4,,,,,,4,8,,,,4
1530670980,10,,3,,,,,,24,,15,,,,,,,,3,,,23,5,5,,,,,,5,10,,,,5
1530671040,8,,3,,4,8,,4,24,4,16,,8,4,,,,,3,4,,34,12,4,,,,,,4,8,,,4,4
1530671100,10,,3,,10,2,,10,24,10,15,,30,10,,,,20,3,10,,16,35,5,,,,,5,5,10,,,10,5
1530671160,14,7,3,,7,,,7,24,7,14,,21,7,,,,34,3,7,,22,28,7,,7,,,7,7,14,,,7,7
1530671220,8,,3,,,,,,24,,15,,,,,,,,3,,,33,4,4,,,,,,4,8,,,,4
1530671280,2,,3,,,,,,24,,17,,,,,,,,3,,,22,1,1,,,,,,1,2,,,,1
1530671340,8,,3,,,,,,24,,15,,,,,,,,3,,,38,4,4,,,,,,4,8,,,,4
1530671400,10,,3,,,,,,31,,15,,,,,,,,3,,,34,5,5,,,,,,5,10,,,,5
1530671460,10,,3,,10,,,10,24,10,17,,30,10,,,,20,3,10,,33,35,5,,,,,5,5,10,,,10,5
1530671520,10,,3,,,,,,24,,15,,,,,,,,3,,,31,5,5,,,,,,5,10,,,,5
1530671580,8,,3,,,,,,24,,15,,,,,,,,3,,,19,4,4,,,,,,4,8,,,,4
1530671640,10,,3,,,,,,27,,17,,,,,,,,3,,,31,5,5,,,,,,5,10,,,,5
1530671700,36,13,3,,23,10,,23,24,23,13,,87,23,,,,77,3,23,,33,105,18,,13,,,18,18,36,,,23,18
1530671760,14,3,3,,7,,1,7,29,6,12,,15,6,,,,20,3,7,,24,22,7,,3,,,5,7,14,,,6,7
1530671820,,,3,,,,,,26,1,16,,2,1,,,,,3,,,26,2,,,,,,,,,,,1,
1530671880,10,,3,,,,,,24,,17,,,,,,,,3,,,32,5,5,,,,,,5,10,,,,5
1530671940,8,,3,,,,,,24,,16,,,,,,,,3,,,28,4,4,,,,,,4,8,,,,4
1530672000,10,,3,,,,,,23,,15,,,,,,,,3,,,22,5,5,,,,,,5,10,,,,5
1530672060,8,,3,,4,,,4,25,4,17,,8,4,,,,,3,4,,28,12,4,,,,,,4,8,,,4,4
1530672120,10,,3,,10,,1,10,24,10,14,,30,10,,,,20,3,10,,32,35,5,,,,,5,5,10,,,10,5
1530672180,8,,3,,,,,,24,,15,,,,,,,,3,,,28,4,4,,,,,,4,8,,,,4
1530672240,16,3,3,,11,,,11,24,11,16,,25,11,,,,34,3,11,,23,33,8,,3,,,8,8,16,,,11,8
1530672300,8,,3,,,,,,24,,15,,,,,,,,3,,,25,4,4,,,,,,4,8,,,,4
1530672360,8,,3,,,,,,24,,15,,,,,,,,3,,,28,4,4,,,,,,4,8,,,,4
1530672420,2,,3,,,,,,24,,15,,,,,,,,3,,,33,1,1,,,,,,1,2,,,,1
1530672480,12,,3,,10,10,,10,24,10,16,,25,10,,,,20,3,10,,31,31,6,,,,1,5,6,12,,,10,6
1530672540,8,,3,,,,,,24,,15,,,,,,,,3,,,30,4,4,,,,,,4,8,,,,4
1530672600,10,,3,,,,,,24,,15,,,,,,,,3,,,32,5,5,,,,,,5,10,,,,5
1530672660,20,4,3,,14,,,14,23,13,14,,37,13,,,,38,3,14,,34,47,10,,4,,,10,10,20,,,13,10
1530672720,,,3,,,,,,25,1,17,,4,1,,,,,3,,,28,4,,,,,,,,,,,1,
1530672780,24,3,3,,11,,,11,24,11,14,,32,11,,,,34,3,11,,21,44,12,,3,,,8,12,24,,,11,12
1530672840,10,4,3,,6,,,6,24,6,16,,16,6,,,,20,3,6,,18,21,5,,4,,,5,5,10,,,6,5
1530672900,10,,3,,,,,,24,,16,,,,,,,,3,,,23,5,5,,,,,,5,10,,,,5
1530672960,8,,3,,,,,,24,,15,,,,,,,,3,,,29,4,4,,,,,,4,8,,,,4
1530673020,10,,3,,,,,,24,,14,,,,,,,,3,,,26,5,5,,,,,,5,10,,,,5
1530673080,8,,3,,4,8,,2,24,4,16,,4,2,,,,,3,4,,20,8,4,,,,,,4,8,,,2,4
1530673140,12,,3,,10,2,,12,24,10,15,,34,12,,,,20,3,10,,23,40,6,,,,1,5,6,12,,,12,6
1530673200,8,,3,,,,,,24,,16,,,,,,,,3,,,18,4,4,,,,,,4,8,,,,4
1530673260,14,,3,,10,,,10,23,6,17,,13,6,,,,22,3,10,,27,20,7,,,,,6,7,14,,,6,7
1530673320,8,4,3,,4,,,4,25,8,14,,19,8,,,,16,3,4,,20,23,4,,4,,,4,4,8,,,8,4
1530673380,10,,3,,,,,,24,,15,,,,,,,,3,,,11,5,5,,,,,,5,10,,,,5
1530673440,8,,3,,,,,,24,,16,,,,,,,,3,,,37,4,4,,,,,,4,8,,,,4
1530673500,10,,3,,10,,,10,24,10,15,,25,10,,,,20,3,10,,40,30,5,,,,,5,5,10,,,10,5
1530673560,8,,3,,,,,,24,,15,,,,,,,,3,,,28,4,4,,,,,,4,8,,,,4
1530673620,10,,3,,,,,,24,,15,,,,,,,,3,,,21,5,5,,,,,,5,10,,,,5
1530673680,20,4,3,,14,,,14,24,14,16,,41,14,,,,38,3,14,,20,51,10,,4,,,10,10,20,,,14,10
1530673740,8,,3,,,,,,24,,15,,,,,,,,3,,,17,4,4,,,,,,4,8,,,,4
1530673800,32,6,3,,20,10,,20,24,18,14,,49,18,,,,56,3,20,,25,65,16,,6,,,15,16,32,,,18,16
1530673860,,,3,,,,,,24,2,19,,5,2,,,,,3,,,24,5,,,,,,,,,,,2,
1530673920,10,,3,,,,,,24,,15,,,,,,,,3,,,29,5,5,,,,,,5,10,,,,5
1530673980,8,,3,,,,,,24,,15,,,,,,,,3,,,17,4,4,,,,,,4,8,,,,4
1530674040,10,,3,,,,,,24,,20,,,,,,,,3,,,36,5,5,,,,,,5,10,,,,5
1530674100,8,,3,,4,,,4,24,4,17,,8,4,,,,,3,4,,27,12,4,,,,,,4,8,,,4,4
1530674160,10,,3,,10,,,10,24,10,14,,30,10,,,,20,3,10,,15,35,5,,,,,5,5,10,,,10,5
1530674220,8,,3,,,,,,24,,15,,,,,,,,3,,,24,4,4,,,,,,4,8,,,,4
1530674280,10,,3,,,,,,24,,16,,,,,,,,3,,,21,5,5,,,,,,5,10,,,,5
1530674340,18,2,3,,12,,,12,24,12,16,,33,12,,,,34,3,12,,32,42,9,,2,,,9,9,18,,,12,9
1530674400,8,,3,,,,,,24,,15,,,,,,,,3,,,26,4,4,,,,,,4,8,,,,4
1530674460,12,,3,,10,10,,10,23,9,15,,19,9,,,,20,3,10,,11,25,6,,,,,5,6,12,,,9,6
1530674520,,,3,,,,,,25,1,17,,1,1,,,,,3,,,23,1,,,,,,,,,,,1,
1530674580,28,3,3,,13,,,13,24,11,14,,30,11,,,,36,3,13,,35,44,14,,3,,,9,14,28,,,11,14
1530674640,,,3,,,,,,24,2,16,,7,2,,,,,3,,,30,7,,,,,,,,,,,2,
1530674700,10,,3,,,,,,24,,15,,,,,,,,3,,,19,5,5,,,,,,5,10,,,,5
1530674760,8,,3,,,,,,24,,15,,,,,,,,3,,,27,4,4,,,,,,4,8,,,,4
1530674820,10,,3,,10,,,10,24,10,15,,25,10,,,,20,3,10,,23,30,5,,,,,5,5,10,,,10,5
1530674880,16,7,3,,7,,,7,24,7,16,,21,7,,,,34,3,7,,22,29,8,,7,,,8,8,16,,,7,8
1530674940,8,,3,,,,,,24,,16,,,,,,,,3,,,17,4,4,,,,,,4,8,,,,4
1530675000,10,,3,,,,,,24,,15,,,,,,,,3,,,23,5,5,,,,,,5,10,,,,5
1530675060,10,,3,,,,,,24,,16,,,,,,,,3,,,29,5,5,,,,,,5,10,,,,5
1530675120,,,3,,,,,,24,,15,,,,,,,,3,,,18,,,,,,,,,,,,,
1530675180,14,,3,,12,10,,12,24,12,15,,34,12,,,,22,3,12,,18,41,7,,,,1,5,7,14,,,12,7
1530675240,8,,3,,,,,,24,,16,,,,,,,,3,,,20,4,4,,,,,,5,9,,,,5
1530675300,10,,3,,,,,,24,,16,,,,,,,,3,,,22,5,5,,,,,,4,9,,,,4
1530675360,18,2,3,,12,,,12,24,12,14,,33,12,,,,34,3,12,,29,42,9,,2,,,9,9,18,,,12,9
1530675420,6,,3,,,,,,24,,15,,,,,,,,3,,,36,3,3,,,,,,3,6,,,,3
1530675480,14,,3,,10,,,10,24,10,16,,20,10,,,,20,3,10,,30,27,7,,,,,5,7,14,,,10,7
1530675540,,,3,,,,,,24,,15,,,,,,,,3,,,28,,,,,,,,,,,,,
1530675600,28,4,3,,12,,,12,24,12,16,,36,12,,,,36,3,12,,20,50,14,,4,,,10,14,28,,,12,14
1530675660,8,,3,,,,,,24,,16,,,,,,,,3,,,16,4,4,,,,,,4,8,,,,4
1530675720,10,,3,,,,,,24,,15,,,,,,,,3,,,31,5,5,,,,,,5,10,,,,5
1530675780,,,3,,,,,,24,,16,,,,,,,,3,,,27,,,,,,,,,,,,,
1530675840,20,,3,,12,10,,12,24,12,17,,32,12,,,,20,3,12,,33,42,10,,,,,5,10,20,,,12,10
1530675900,20,10,3,,10,,,10,24,10,14,,30,10,,,,40,3,10,,20,40,10,,10,,,10,10,20,,,10,10
1530675960,8,,3,,,,,,24,,15,,,,,,,,3,,,24,4,4,,,,,,4,8,,,,4
1530676020,2,,3,,,,,,24,,15,,,,,,,,3,,,39,1,1,,,,,,1,2,,,,1
1530676080,8,,3,,,,,,24,,15,,,,,,,,3,,,35,4,4,,,,,,4,8,,,,4
1530676140,10,,3,,,,,,24,,14,,,,,,,,3,,,18,5,5,,,,,,5,10,,,,5
1530676200,10,,3,,10,,,10,24,10,15,,30,10,,,,20,3,10,,22,35,5,,,,,5,5,10,,,10,5
1530676260,10,,3,,,,,,24,,16,,,,,,,,3,,,30,5,5,,,,,,5,10,,,,5
1530676320,8,,3,,,,,,24,,15,,,,,,,,3,,,25,4,4,,,,,,4,8,,,,4
1530676380,10,,3,,,,,,24,,15,,,,,,,,3,,,17,5,5,,,,,,5,10,,,,5
1530676440,18,2,3,,12,,,12,24,12,15,,33,12,,,,34,3,12,,29,42,9,,2,,,9,9,18,,,12,9
1530676500,18,,3,,10,10,,10,24,10,16,,20,10,,,,20,3,10,,22,29,9,,,,,5,9,18,,,10,9
1530676560,16,7,3,,7,,,7,24,7,14,,28,7,,,,34,3,7,,30,36,8,,7,,,8,8,16,,,7,8
1530676620,8,,3,,,,,,24,,15,,,,,,,,3,,,29,4,4,,,,,,4,8,,,,4
1530676680,2,,3,,,,,,24,,17,,,,,,,,3,,,36,1,1,,,,,,1,2,,,,1
1530676740,8,,3,,,,,,24,,16,,,,,,,,3,,,34,4,4,,,,,,4,8,,,,4
1530676800,10,,3,,1,,,1,24,1,16,,1,1,,,,,3,1,,25,6,5,,,,,,5,10,,,1,5
1530676860,10,,3,,10,,,10,24,10,17,,30,10,,,,20,3,10,,24,35,5,,,,,5,5,10,,,10,5
1530676920,26,4,3,,12,,,12,22,11,14,,25,11,,,,36,3,12,,24,38,13,,4,,,9,13,26,,,11,13
1530676980,,,3,,,,,,26,1,16,,3,1,,,,,3,,,30,3,,,,,,,,,,,1,
1530677040,10,,3,,,,,,24,,17,,,,,,,,3,,,22,5,5,,,,,,5,10,,,,5
1530677100,8,,3,,,,,,24,,15,,,,,,,,3,,,29,4,4,,,,,,4,8,,,,4
1530677160,20,,3,,10,10,,10,24,10,15,,27,10,,,,20,3,10,,27,37,10,,,,,5,10,20,,,10,10
1530677220,,,3,,,,,,24,,15,,,,,,,,3,,,33,,,,,,,,,,,,,
1530677280,10,,3,,,,,,24,,16,,,,,,,,3,,,29,5,5,,,,,,5,10,,,,5
1530677340,8,,3,,,,,,24,,15,,,,,,,,3,,,24,4,4,,,,,,4,8,,,,4
1530677400,10,,3,,,,,,24,,16,,,,,,,,3,,,33,5,5,,,,,,5,10,,,,5
1530677460,18,2,3,,12,,,12,24,12,16,,33,12,,,,34,3,12,,26,42,9,,2,,,9,9,18,,,12,9
1530677520,30,11,3,,15,,,15,24,15,14,,41,15,,,,56,3,15,,22,56,15,,11,,,15,15,30,,,15,15
1530677580,2,,3,,,,,,24,,16,,,,,,,,3,,,21,1,1,,,,,,4,5,,,,4
1530677640,8,,3,,,,,,24,,16,,,,,,,,3,,,26,4,4,,,,,,1,5,,,,1
1530677700,8,,3,,,,,,24,,16,,,,,,,,3,,,32,4,4,,,,,,4,8,,,,4
1530677760,10,,3,,1,,,1,24,1,15,,1,1,,,,,3,1,,32,6,5,,,,,,5,10,,,1,5
1530677820,8,,3,,3,6,,3,24,3,15,,6,3,,,,,3,3,,30,10,4,,,,,,4,8,,,3,4
1530677880,10,,3,,10,4,,10,24,10,16,,30,10,,,,20,3,10,,24,35,5,,,,,5,5,10,,,10,5
1530677940,10,,3,,,,,,24,,15,,,,,,,,3,,,29,5,5,,,,,,5,10,,,,5
1530678000,18,3,3,,13,,,13,24,13,15,,29,13,,,,36,3,13,,33,38,9,,3,,,9,9,18,,,13,9
1530678060,8,,3,,,,,,24,,17,,,,,,,,3,,,28,4,4,,,,,,4,8,,,,4
1530678120,10,,3,,,,,,24,,15,,,,,,,,3,,,27,5,5,,,,,,5,10,,,,5
1530678180,10,,3,,10,,,10,24,10,14,,25,10,,,,20,3,10,,32,30,5,,,,,5,5,10,,,10,5
1530678240,8,,3,,,,,,24,,17,,,,,,,,3,,,17,4,4,,,,,,4,8,,,,4
1530678300,2,,3,,,,,,24,,15,,,,,,,,3,,,23,1,1,,,,,,1,2,,,,1
1530678360,8,,3,,,,,,24,,15,,,,,,,,3,,,20,4,4,,,,,,4,8,,,,4
1530678420,10,,3,,,,,,24,,15,,,,,,,,3,,,17,5,5,,,,,,5,10,,,,5
1530678480,32,3,3,,20,10,,19,24,17,15,,40,16,,,,44,3,20,,16,57,16,,3,,,13,17,34,,,16,17
1530678540,22,9,3,,12,,,13,24,15,14,,51,16,,,,46,3,12,,28,61,11,,9,,,10,10,20,,,16,10
1530678600,8,,3,,,,,,24,,16,,,,,,,,3,,,22,4,4,,,,,,4,8,,,,4
1530678660,10,,3,,,,,,24,,16,,,,,,,,3,,,24,5,5,,,,,,5,10,,,,5
1530678720,,,3,,,,,,24,,16,,,,,,,,3,,,32,,,,,,,,,,,,,
1530678780,10,,3,,,,,,24,,15,,,,,,,,3,,,32,5,5,,,,,,5,10,,,,5
1530678840,18,,3,,14,,,14,23,12,17,,32,12,,,,20,3,14,,29,41,9,,,,,5,9,18,,,12,9
1530678900,,,3,,,,,,25,2,16,,6,2,,,,,3,,,32,6,,,,,,,,,,,2,
1530678960,10,,3,,,,,,24,,15,,,,,,,,3,,,24,5,5,,,,,,5,10,,,,5
1530679020,26,2,3,,12,,1,12,24,12,13,,26,12,,,,34,3,12,,33,39,13,,2,,,9,13,26,,,12,13
1530679080,8,,3,,,,,,24,,16,,,,,,,,3,,,25,4,4,,,,,,4,8,,,,4
1530679140,2,,3,,,,,,24,,15,,,,,,,,3,,,30,1,1,,,,,,1,2,,,,1
1530679200,18,,3,,10,10,,10,24,10,14,,25,10,,,,20,3,10,,36,34,9,,,,,5,9,18,,,10,9
1530679260,8,,3,,,,,,24,,16,,,,,,,,3,,,23,4,4,,,,,,4,8,,,,4
1530679320,2,,3,,,,,,24,,16,,,,,,,,3,,,18,1,1,,,,,,1,2,,,,1
1530679380,8,,3,,,,,,24,,15,,,,,,,,3,,,20,4,4,,,,,,4,8,,,,4
1530679440,10,,3,,,,,,24,,17,,,,,,,,3,,,17,5,5,,,,,,5,10,,,,5
1530679500,18,3,3,,13,,,13,24,13,15,,50,13,,,,36,3,13,,32,59,9,,3,,,9,9,18,,,13,9
1530679560,26,10,3,,12,,,12,24,12,14,,39,12,,,,52,3,12,,37,52,13,,10,,,13,13,26,,,12,13
1530679620,8,,3,,,,,,24,,15,,,,,,,,3,,,24,4,4,,,,,,4,8,,,,4
1530679680,8,,3,,,,,,24,,15,,,,,,,,3,,,28,4,4,,,,,,4,8,,,,4
1530679740,2,,3,,,,,,24,,16,,,,,,,,3,,,23,1,1,,,,,,1,2,,,,1
1530679800,10,,3,,1,,,1,24,1,16,,1,1,,,,,3,1,,29,6,5,,,,,,5,10,,,1,5
1530679860,18,,3,,13,10,,13,22,12,15,,34,12,,,,20,3,13,,20,43,9,,,,,5,9,18,,,12,9
1530679920,,,3,,,,,,26,1,17,,2,1,,,,,3,,,23,2,,,,,,,,,,,1,
1530679980,10,,3,,,,,,24,,17,,,,,,,,3,,,21,5,5,,,,,,5,10,,,,5
1530680040,8,,3,,,,,,24,,16,,,,,,,,3,,,26,4,4,,,,,,4,8,,,,4
1530680100,20,3,3,,13,,,13,24,13,17,,37,13,,,,36,3,13,,26,47,10,,3,,,10,10,20,,,13,10
1530680160,10,,3,,,,,,24,,15,,,,,,,,3,,,20,5,5,,,,,,5,10,,,,5
1530680220,10,,3,,10,,,10,24,10,15,,20,10,,,,20,3,10,,20,25,5,,,,,5,5,10,,,10,5
1530680280,8,,3,,,,,,24,,16,,,,,,,,3,,,33,4,4,,,,,,4,8,,,,4
1530680340,10,,3,,,,,,24,,15,,,,,,,,3,,,29,5,5,,,,,,5,10,,,,5
1530680400,,,3,,,,,,24,,16,,,,,,,,3,,,36,,,,,,,,,,,,,
1530680460,28,3,3,,13,,,13,24,13,14,,37,13,,,,36,3,13,,32,51,14,,3,,,9,14,28,,,13,14
1530680520,8,,3,,,,,,24,,15,,,,,,,,3,,,35,4,4,,,,,,4,8,,,,4
1530680580,26,8,3,,16,10,,16,24,16,15,,45,16,,,,54,3,16,,36,58,13,,8,,,13,13,26,,,16,13
1530680640,,,3,,,,,,24,,16,,,,,,,,3,,,32,,,,,,,,,,,,,
1530680700,10,,3,,,,,,24,,15,,,,,,,,3,,,28,5,5,,,,,,5,10,,,,5
1530680760,8,,3,,,,,,24,,16,,,,,,,,3,,,31,4,4,,,,,,4,8,,,,4
1530680820,10,,3,,,,,,24,,16,,,,,,,,3,,,22,5,5,,,,,,5,10,,,,5
1530680880,10,,3,,10,,,10,24,10,15,,30,10,,,,20,3,10,,29,35,5,,,,,5,5,10,,,10,5
1530680940,8,,3,,,,,,24,,15,,,,,,,,3,,,25,4,4,,,,,,4,8,,,,4
1530681000,2,,3,,,,,,24,,15,,,,,,,,3,,,44,1,1,,,,,,1,2,,,,1
1530681060,8,,3,,,,,,24,,16,,,,,,,,3,,,38,4,4,,,,,,4,8,,,,4
1530681120,30,5,3,,15,,,15,24,15,15,,45,15,,,,40,3,15,,28,60,15,,5,,,10,15,30,,,15,15
1530681180,8,,3,,,,,,24,,15,,,,,,,,3,,,21,4,4,,,,,,4,8,,,,4
1530681240,10,1,3,,9,10,,9,24,9,17,,19,9,,,,20,3,9,,27,24,5,,1,,,5,5,10,,,9,5
1530681300,8,,3,,,,,,24,,17,,,,,,,,3,,,13,4,4,,,,,,4,8,,,,4
1530681360,10,,3,,,,,,24,,15,,,,,,,,3,,,18,5,5,,,,,,5,10,,,,5
1530681420,18,2,3,,12,,,12,24,12,14,,33,12,,,,34,3,12,,35,42,9,,2,,,9,9,18,,,12,9
1530681480,8,,3,,,,,,24,,16,,,,,,,,3,,,37,4,4,,,,,,4,8,,,,4
1530681540,12,,3,,10,,,10,24,10,15,,25,10,,,,20,3,10,,25,31,6,,,,,5,6,12,,,10,6
1530681600,,,3,,,,,,24,,15,,,,,,,,3,,,23,,,,,,,,,,,,,
1530681660,20,7,3,,7,,,7,24,7,16,,21,7,,,,34,3,7,,20,31,10,,7,,,10,10,20,,,7,10
1530681720,10,,3,,,,,,24,,16,,,,,,,,3,,,21,5,5,,,,,,5,10,,,,5
1530681780,8,,3,,,,,,24,,15,,,,,,,,3,,,24,4,4,,,,,,4,8,,,,4
1530681840,10,,3,,2,4,,2,24,2,15,,2,2,,,,,3,2,,13,7,5,,,,,,5,10,,,2,5
1530681900,10,,3,,10,6,1,10,24,10,14,,30,10,,,,20,3,10,,13,35,5,,,,,5,5,10,,,10,5
1530681960,8,,3,,,,,,24,,15,,,,,,,,3,,,20,4,4,,,,,,4,8,,,,4
1530682020,10,,3,,,,,,24,,15,,,,,,,,3,,,18,5,5,,,,,,5,10,,,,5
1530682080,,,3,,,,,,24,,16,,,,,,,,3,,,26,,,,,,,,,,,,,
1530682140,28,2,3,,12,,,12,24,12,14,,33,12,,,,34,3,12,,19,47,14,,2,,,9,14,28,,,12,14
1530682200,6,,3,,,,,,24,,15,,,,,,,,3,,,25,3,3,,,,,,3,6,,,,3
1530682260,12,,3,,10,,,10,24,10,16,,20,10,,,,20,3,10,,22,26,6,,,,1,5,6,12,,,10,6
1530682320,10,,3,,,,,,24,,15,,,,,,,,3,,,17,5,5,,,,,,5,10,,,,5
1530682380,8,,3,,,,,,24,,15,,,,,,,,3,,,17,4,4,,,,,,4,8,,,,4
1530682440,16,2,3,,12,,,12,24,12,15,,33,12,,,,34,3,12,,27,41,8,,2,,,8,8,16,,,12,8
1530682500,8,,3,,,,,,24,,15,,,,,,,,3,,,29,4,4,,,,,,5,9,,,,5
1530682560,16,,3,,10,10,,10,27,10,17,,25,10,,,,20,3,10,,30,33,8,,,,2,5,7,15,,,10,7
1530682620,8,,3,,,,,,31,,15,,,,,,,,3,,,23,4,4,,,,,,4,8,,,,4
1530682680,16,2,3,,10,,,10,24,10,14,,22,10,,,,32,3,10,,33,30,8,,2,,,8,8,16,,,10,8
1530682740,8,,3,,,,,,24,,15,,,,,,,,3,,,28,4,4,,,,,,4,8,,,,4
1530682800,10,,3,,,,,,24,,16,,,,,,,,3,,,26,5,5,,,,,,5,10,,,,5
1530682860,,,3,,,,,,24,,16,,,,,,,,3,,,24,,,,,,,,,,,,,
1530682920,20,,3,,11,,,11,24,11,14,,26,11,,,,20,3,11,,29,36,10,,,,,5,10,20,,,11,10
1530682980,8,,3,,,,,,24,,15,,,,,,,,3,,,27,4,4,,,,,,4,8,,,,4
1530683040,10,,3,,,,,,24,,17,,,,,,,,3,,,23,5,5,,,,,,5,10,,,,5
1530683100,,,3,,,,,,24,,14,,,,,,,,3,,,22,,,,,,,,1,1,,,,1
1530683160,24,1,3,,11,10,,11,24,7,16,,16,7,,,,26,3,11,,25,28,12,,1,,,7,11,23,,,7,11
1530683220,16,7,3,,9,,,9,22,12,14,,39,12,,,,32,3,9,,22,47,8,,7,,,8,8,16,,,12,8
1530683280,,,3,,,,,,26,1,17,,2,1,,,,,3,,,26,2,,,,,,,,,,,1,
1530683340,10,,3,,,,,,24,,15,,,,,,,,3,,,36,5,5,,,,,,5,10,,,,5
1530683400,28,3,3,,13,,,13,24,13,15,,37,13,,,,36,3,13,,25,51,14,,3,,4,10,14,28,,,13,14
1530683460,8,,3,,,,,,24,,16,,,,,,,,3,,,32,4,4,,,,,,4,8,,,,4
1530683520,4,,3,,,,,,24,,15,,,,,,,,3,,,40,2,2,,,,,,3,5,,,,3
1530683580,16,,3,,10,,,10,24,10,16,,25,10,,,,20,3,10,,37,33,8,,,,,5,7,15,,,10,7
1530683640,8,,3,,,,,,24,,16,,,,,,,,3,,,30,4,4,,,,,,4,8,,,,4
1530683700,20,3,3,,13,,,13,23,12,15,,28,12,,,,36,3,13,,28,38,10,,3,,,9,10,20,,,12,10
1530683760,,,3,,,,,,25,1,16,,1,1,,,,,3,,,38,1,,,,,,,,,,,1,
1530683820,10,,3,,,,,,24,,17,,,,,,,,3,,,24,5,5,,,,,,5,10,,,,5
1530683880,8,,3,,,,,,24,,16,,,,,,,,3,,,28,4,4,,,,,,4,8,,,,4
1530683940,10,,3,,10,10,,10,24,10,15,,25,10,,,,20,3,10,,21,30,5,,,,,5,5,10,,,10,5
1530684000,10,,3,,,,,,24,,16,,,,,,,,3,,,28,5,5,,,,,,5,10,,,,5
1530684060,8,,3,,,,,,24,,16,,,,,,,,3,,,32,4,4,,,,,,4,8,,,,4
1530684120,10,,3,,,,,,24,,15,,,,,,,,3,,,28,5,5,,,,,,5,10,,,,5
1530684180,,,3,,,,,,24,,15,,,,,,,,3,,,32,,,,,,,,,,,,,
1530684240,36,7,3,,23,,1,23,24,23,15,,61,23,,,,56,3,23,,15,79,18,,7,,,14,18,36,,,23,18
1530684300,,,3,,,,,,24,,15,,,,,,,,3,,,34,,,,,,,,,,,,,
1530684360,26,3,3,,11,,,11,24,11,14,,32,11,,,,34,3,11,,19,45,13,,3,,,9,13,26,,,11,13
1530684420,8,,3,,,,,,24,,15,,,,,,,,3,,,19,4,4,,,,,,4,8,,,,4
1530684480,2,,3,,,,,,24,,16,,,,,,,,3,,,26,1,1,,,,,,1,2,,,,1
1530684540,8,,3,,,,,,24,,15,,,,,,,,3,,,31,4,4,,,,,,4,8,,,,4
1530684600,20,,3,,11,10,,11,24,11,15,,26,11,,,,20,3,11,,29,36,10,,,,,5,10,20,,,11,10
1530684660,8,,3,,,,,,24,,16,,,,,,,,3,,,32,4,4,,,,,,4,8,,,,4
1530684720,8,,3,,,,,,23,,15,,,,,,,,3,,,23,4,4,,,,,,5,9,,,,5
1530684780,20,2,3,,12,,,12,25,12,13,,27,12,,,,34,3,12,,31,37,10,,2,,,9,9,19,,,12,9
1530684840,8,,3,,,,,,24,,16,,,,,,,,3,,,28,4,4,,,,,,4,8,,,,4
1530684900,2,,3,,,,,,24,,15,,,,,,,,3,,,19,1,1,,,,,,3,4,,,,3
1530684960,18,,3,,10,,,10,24,10,16,,20,10,,,,20,3,10,,36,29,9,,,,,5,7,16,,,10,7
1530685020,8,,3,,,,,,31,,15,,,,,,,,3,,,25,4,4,,,,,,4,8,,,,4
1530685080,10,,3,,,,,,24,,16,,,,,,,,3,,,26,5,5,,,,,,5,10,,,,5
1530685140,10,,3,,,,,,24,,15,,,,,,,,3,,,30,5,5,,,,,,5,10,,,,5
1530685200,,,3,,,,,,27,,16,,,,,,,,3,,,33,,,,,,,,,,,,,
1530685260,18,,3,,14,10,,14,24,14,15,,38,14,,,,20,3,14,,33,47,9,,,,,5,9,18,,,14,9
1530685320,26,11,3,,13,,,13,23,10,14,,32,10,,,,58,3,13,,29,45,13,,11,,,13,13,26,,,10,13
1530685380,6,2,3,,2,,,2,25,5,16,,11,5,,,,10,3,2,,30,14,3,,2,,,3,3,6,,,5,3
1530685440,10,,3,,,,,,24,,16,,,,,,,,3,,,19,5,5,,,,,,5,10,,,,5
1530685500,8,,3,,,,,,24,,15,,,,,,,,3,,,20,4,4,,,,,,4,8,,,,4
1530685560,10,,3,,,,,,24,,16,,,,,,,,3,,,30,5,5,,,,,,5,10,,,,5
1530685620,10,,3,,10,,,10,24,10,14,,30,10,,,,20,3,10,,22,35,5,,,,,5,5,10,,,10,5
1530685680,8,,3,,,,,,24,,16,,,,,,,,3,,,29,4,4,,,,,,4,8,,,,4
1530685740,10,,3,,,,,,24,,16,,,,,,,,3,,,29,5,5,,,,,,5,10,,,,5
1530685800,20,4,3,,14,,,14,23,13,14,,39,13,,,,38,3,14,,22,49,10,,4,,,10,10,20,,,13,10
1530685860,,,3,,,,,,32,1,18,,2,1,,,,,3,,,20,2,,,,,,,,,,,1,
1530685920,20,,3,,10,10,,10,24,10,16,,20,10,,,,20,3,10,,25,30,10,,,,,5,10,20,,,10,10
1530685980,,,3,,,,,,24,,15,,,,,,,,3,,,29,,,,,,,,,,,,,
1530686040,10,,3,,,,,,24,,17,,,,,,,,3,,,19,5,5,,,,,,5,10,,,,5
1530686100,8,,3,,,,,,24,,16,,,,,,,,3,,,26,4,4,,,,,,4,8,,,,4
1530686160,10,,3,,,,,,24,,17,,,,,,,,3,,,24,5,5,,,,,,5,10,,,,5
1530686220,8,,3,,4,,,4,24,4,17,,8,4,,,,,3,4,,21,12,4,,,,,,4,8,,,4,4
1530686280,28,8,3,,18,,,18,24,16,15,,57,16,,,,56,3,18,,19,71,14,,8,,,14,14,28,,,16,14
1530686340,18,6,3,,8,,,8,27,10,15,,27,10,,,,34,3,8,,31,36,9,,6,,,9,9,18,,,10,9
1530686400,8,,3,,,,,,24,,15,,,,,,,,3,,,30,4,4,,,,,,4,8,,,,4
1530686460,8,,3,,,,,,24,,16,,,,,,,,3,,,22,4,4,,,,,,4,8,,,,4
1530686520,2,,3,,,,,,24,,18,,,,,,,,3,,,21,1,1,,,,,,1,2,,,,1
1530686580,20,,3,,11,10,,11,22,10,14,,28,10,,,,20,3,11,,36,38,10,,,,,5,10,20,,,10,10
1530686640,,,3,,,,,,26,1,18,,3,1,,,,,3,,,27,3,,,,,,,,,,,1,
1530686700,10,,3,,,,,,24,,15,,,,,,,,3,,,25,5,5,,,,,,5,10,,,,5
1530686760,8,,3,,,,,,24,,15,,,,,,,,3,,,22,4,4,,,,,,4,8,,,,4
1530686820,18,,3,,4,,,,24,4,15,,1,,,,,5,3,4,,16,9,9,,,,,5,9,18,,,,10
1530686880,10,4,3,,10,,,14,24,10,17,,40,14,,,,33,3,10,,27,46,5,,4,,,4,5,10,,,14,4
1530686940,14,3,3,,7,,,7,24,7,15,,17,7,,,,20,3,7,,21,24,7,,3,,,5,7,14,,,7,7
1530687000,8,,3,,,,,,24,,15,,,,,,,,3,,,30,4,4,,,,,,4,8,,,,4
1530687060,10,,3,,,,,,24,,16,,,,,,,,3,,,25,5,5,,,,,,5,10,,,,5
1530687120,,,3,,,,,,24,,15,,,,,,,,3,,,27,,,,,,,,,,,,,
1530687180,10,,3,,,,,,24,,15,,,,,,,,3,,,31,5,5,,,,,,5,10,,,,5
1530687240,26,2,3,,16,10,,16,24,13,15,,42,13,,,,32,3,16,,37,55,13,,2,,,9,13,26,,,13,13
1530687300,12,4,3,,8,,,8,24,11,14,,37,11,,,,24,3,8,,28,43,6,,4,,,6,6,12,,,11,6
1530687360,22,2,3,,10,,,10,22,8,14,,18,8,,,,30,3,10,,22,29,11,,2,,,7,11,22,,,8,11
1530687420,2,1,3,,1,,,1,26,3,15,,7,3,,,,4,3,1,,35,8,1,,1,,,1,1,2,,,3,1
1530687480,10,,3,,,,,,24,,17,,,,,,,,3,,,31,5,5,,,,,,5,10,,,,5
1530687540,8,,3,,,,,,24,,16,,,,,,,,3,,,22,4,4,,,,,,4,8,,,,4
1530687600,20,,3,,10,,,10,24,10,16,,25,10,,,,20,3,10,,33,35,10,,,,,5,10,20,,,10,10
1530687660,,,3,,,,,,24,,16,,,,,,,,3,,,38,,,,,,,,,,,,,
1530687720,10,,3,,,,,,24,,15,,,,,,,,3,,,30,5,5,,,,,,5,10,,,,5
1530687780,8,,3,,,,,,24,,15,,,,,,,,3,,,38,4,4,,,,,,4,8,,,,4
1530687840,10,,3,,,,,,24,,16,,,,,,,,3,,,29,5,5,,,,,,5,10,,,,5
1530687900,20,2,3,,12,10,,12,24,12,14,,33,12,,,,34,3,12,,21,43,10,,2,,,10,10,20,,,12,10
1530687960,10,2,3,,8,,,8,24,8,16,,18,8,,,,20,3,8,,23,23,5,,2,,,5,5,10,,,8,5
1530688020,8,,3,,,,,,24,,16,,,,,,,,3,,,36,4,4,,,,,,4,8,,,,4
1530688080,10,,3,,,,,,24,,16,,,,,,,,3,,,24,5,5,,,,,,5,10,,,,5
1530688140,,,3,,,,,,24,,15,,,,,,,,3,,,29,,,,,,,,,,,,,
1530688200,10,,3,,,,,,24,,16,,,,,,,,3,,,20,5,5,,,,,,5,10,,,,5
1530688260,26,8,3,,18,,,18,24,13,15,,47,13,,,,56,3,18,,33,60,13,,8,,,13,13,26,,,13,13
1530688320,,,3,,,,,,24,5,15,,15,5,,,,,3,,,37,15,,,,,,,,,,,5,
1530688380,10,,3,,,,,,24,,15,,,,,,,,3,,,24,5,5,,,,,,5,10,,,,5
1530688440,18,3,3,,13,,,13,24,13,16,,29,13,,,,36,3,13,,28,38,9,,3,,,9,9,18,,,13,9
1530688500,8,,3,,,,,,24,,16,,,,,,,,3,,,29,4,4,,,,,,4,8,,,,4
1530688560,10,,3,,,,,,24,,16,,,,,,,,3,,,22,5,5,,,,,,5,10,,,,5
1530688620,10,,3,,10,10,,10,24,10,14,,25,10,,,,20,3,10,,25,30,5,,,,,5,5,10,,,10,5
1530688680,8,,3,,,,,,24,,15,,,,,,,,3,,,29,4,4,,,,,,4,8,,,,4
1530688740,2,,3,,,,,,24,,16,,,,,,,,3,,,20,1,1,,,,,,1,2,,,,1
1530688800,8,,3,,,,,,24,,15,,,,,,,,3,,,32,4,4,,,,,,4,8,,,,4
1530688860,10,,3,,,,,,24,,16,,,,,,,,3,,,33,5,5,,,,,,5,10,,,,5
1530688920,26,4,3,,18,,,18,24,16,13,,44,16,,,,36,3,18,,26,57,13,,4,,,9,13,26,,,16,13
1530688980,12,6,3,,6,,,6,24,8,16,,24,8,,,,24,3,6,,28,30,6,,6,,,6,6,12,,,8,6
1530689040,8,,3,,,,,,24,,17,,,,,,,,3,,,24,4,4,,,,,,4,8,,,,4
1530689100,10,,3,,,,,,24,,15,,,,,,,,3,,,32,5,5,,,,,,5,10,,,,5
1530689160,10,,3,,,,,,24,,15,,,,,,,,3,,,19,5,5,,,,,,5,10,,,,5
1530689220,18,3,3,,13,6,,13,24,13,16,,42,13,,,,36,3,13,,14,51,9,,3,,,9,9,18,,,13,9
1530689280,10,4,3,,6,4,,6,24,6,16,,21,6,,,,20,3,6,,19,26,5,,4,,,5,5,10,,,6,5
1530689340,,,3,,,,,,24,,15,,,,,,,,3,,,22,,,,,,,,,,,,,
1530689400,10,,3,,,,1,,24,,13,,,,,,,,3,,,26,5,5,,,,,,5,10,,,,5
1530689460,20,2,3,,10,,,10,24,9,15,,21,9,,,,28,3,10,,24,31,10,,2,,,7,10,20,,,9,10
1530689520,4,1,3,,3,,2,3,24,4,13,,11,4,,,,8,3,3,,30,13,2,,1,,,2,2,4,,,4,2
1530689580,6,,3,,,,1,,24,,15,,,,,,,,3,,,33,4,3,,,,,,4,8,,,,4
1530689640,18,,3,,7,,2,6,22,6,14,,10,5,,,,14,3,7,,33,18,9,,,,,4,8,16,,,5,8
1530689700,2,,3,,3,,2,4,26,3,17,,7,4,,,,6,3,3,,31,8,1,,,,,1,1,2,,,4,1
1530689760,8,,3,,,,,,24,1,15,,4,1,,,,,3,,,27,8,4,,,,,,4,8,,,1,4
1530689820,8,,3,,,,,,24,,15,,,,,,,,3,,,38,4,4,,,,,,4,8,,,,4
1530689880,10,,3,,,,,,24,,16,,,,,,,,3,,,34,5,5,,,,,,5,10,,,,5
1530689940,8,,3,,3,6,,2,24,3,14,,4,2,,,,,3,3,,38,8,4,,,,,,4,8,,,2,4
1530690000,12,,3,,10,4,,11,24,10,16,,32,11,,,,20,3,10,,37,38,6,,,,1,5,6,12,,,11,6
1530690060,20,7,3,,7,,,7,24,7,16,,21,7,,,,34,3,7,,30,31,10,,7,,,10,10,20,,,7,10
1530690120,10,,3,,,,,,24,,15,,,,,,,,3,,,32,5,5,,,,,,5,10,,,,5
1530690180,8,,3,,,,,,24,,15,,,,,,,,3,,,35,4,4,,,,,,4,8,,,,4
1530690240,16,3,3,,13,,,13,24,13,16,,37,13,,,,36,3,13,,35,45,8,,3,,,8,8,16,,,13,8
1530690300,8,,3,,,,,,24,,15,,,,,,,,3,,,37,4,4,,,,,,4,8,,,,4
1530690360,12,,3,,10,,,10,24,10,15,,25,10,,,,20,3,10,,34,31,6,,,,,5,6,12,,,10,6
1530690420,8,,3,,,,,,24,,15,,,,,,,,3,,,35,4,4,,,,,,4,8,,,,4
1530690480,10,,3,,,,,,24,,16,,,,,,,,3,,,33,5,5,,,,,,5,10,,,,5
1530690540,16,2,3,,12,,,12,23,11,15,,31,11,,,,32,3,12,,31,39,8,,2,,,8,8,16,,,11,8
1530690600,2,1,3,,1,2,,1,25,2,16,,6,2,,,,4,3,1,,34,7,1,,1,,,1,1,2,,,2,1
1530690660,20,,3,,10,8,,10,24,10,17,,20,10,,,,20,3,10,,35,30,10,,,,1,5,10,20,,,10,10
1530690720,,,3,,,,,,24,,16,,,,,,,,3,,,32,,,,,,,,,,,,,
1530690780,10,,3,,,,,,24,,15,,,,,,,,3,,,30,5,5,,,,,,5,10,,,,5
1530690840,8,,3,,,,,,24,,16,,,,,,,,3,,,34,4,4,,,,,,4,8,,,,4
1530690900,10,,3,,,,,,28,,16,,,,,,,,3,,,37,5,5,,,,,,5,10,,,,5
1530690960,8,,3,,4,,,4,29,4,15,,8,4,,,,,3,4,,31,12,4,,,,,,4,8,,,4,4
1530691020,12,,3,,10,,,10,24,10,15,,30,10,,,,20,3,10,,34,36,6,,,,,5,6,12,,,10,6
1530691080,18,7,3,,7,,,7,24,7,20,,21,7,,,,34,3,7,,36,30,9,,7,,,9,9,18,,,7,9
1530691140,18,,3,,8,,,6,28,5,15,,3,3,,,,16,3,8,,36,12,9,,,,,5,9,18,,,3,9
1530691200,10,2,3,,4,2,,6,24,7,15,,30,9,,,,18,3,4,,32,35,5,,2,,,5,5,10,,,9,5
1530691260,8,,3,,,,,,24,,16,,,,,,,,3,,,34,4,4,,,,,,4,8,,,,4
1530691320,20,,3,,10,8,,10,22,6,14,,15,6,,,,20,3,10,,38,25,10,,,,,5,10,20,,,6,10
1530691380,,,3,,,,,,26,4,19,,10,4,,,,,3,,,40,10,,,,,,,,,,,4,
1530691440,10,,3,,,,,,24,,16,,,,,,,,3,,,38,5,5,,,,,,5,10,,,,5
1530691500,8,,3,,,,,,24,,15,,,,,,,,3,,,35,4,4,,,,,,4,8,,,,4
1530691560,10,,3,,,,,,24,,15,,,,,,,,3,,,34,5,5,,,,,,5,10,,,,5
1530691620,18,3,3,,13,,,13,24,13,15,,37,13,,,,36,3,13,,34,46,9,,3,,,9,9,18,,,13,9
1530691680,10,4,3,,6,,,6,24,6,16,,16,6,,,,20,3,6,,37,21,5,,4,,,5,5,10,,,6,5
1530691740,8,,3,,,,,,24,,15,,,,,,,,3,,,35,4,4,,,,,,4,8,,,,4
1530691800,10,,3,,,,,,24,,15,,,,,,,,3,,,35,5,5,,,,,,5,10,,,,5
1530691860,,,3,,,,,,24,,18,,,,,,,,3,,,27,,,,,,,,,,,,,
1530691920,10,,3,,,,,,24,,16,,,,,,,,3,,,33,5,5,,,,,,5,10,,,,5
1530691980,18,,3,,14,10,,14,32,13,16,,36,13,,,5,20,3,14,,33,45,9,,,,,5,9,18,,,13,9
1530692040,,,3,,,,,,26,1,18,,2,1,,,,,3,,,35,2,,,,,,,,,,,1,
1530692100,24,4,3,,12,,,12,25,11,15,,33,11,,,,36,3,12,,40,45,12,,4,,,8,12,24,,,11,12
1530692160,20,10,3,,10,,,10,33,11,16,,33,11,,,,40,3,10,,33,43,10,,10,,,10,10,20,,,11,10
1530692220,8,,3,,,,,,24,,15,,,,,,,,3,,,27,4,4,,,,,,4,8,,,,4
1530692280,10,,3,,,,,,24,,15,,,,,,,,3,,,36,5,5,,,,,,5,10,,,,5
1530692340,10,,3,,10,,,10,24,10,15,,25,10,,,,20,3,10,,36,30,5,,,,,5,5,10,,,10,5
1530692400,8,,3,,,,,,31,,16,,,,,,,,3,,,36,4,4,,,,,,4,8,,,,4
1530692460,10,,3,,,,,,24,,16,,,,,,,,3,,,31,5,5,,,,,,5,10,,,,5
1530692520,,,3,,,,,,25,,16,,,,,,,,3,,,35,,,,,,,,,,,,,
1530692580,10,,3,,,,,,24,,15,,,,,,,,3,,,38,5,5,,,,,,5,10,,,,5
1530692640,32,3,3,,21,10,,21,24,19,13,,48,19,,,,44,3,21,,34,64,16,,3,,,12,16,32,,,19,16
1530692700,6,3,3,,3,,,3,24,5,15,,13,5,,,,12,3,3,,35,16,3,,3,,,3,3,6,,,5,3
1530692760,10,,3,,,,,,24,,14,,,,,,,,3,,,34,5,5,,,,,,5,10,,,,5
1530692820,8,,3,,,,,,24,,16,,,,,,,,3,,,29,4,4,,,,,,4,8,,,,4
1530692880,10,,3,,,,,,24,,16,,,,,,,,3,,,28,5,5,,,,,,5,10,,,,5
1530692940,4,,3,,2,,,2,24,2,15,,4,2,,,,,3,2,,38,6,2,,,,,,2,4,,,2,2
1530693000,16,,3,,12,,,12,24,12,15,,34,12,,,,20,3,12,,35,42,8,,,,,5,8,16,,,12,8
1530693060,8,,3,,,,,,24,,16,,,,,,,,3,,,34,4,4,,,,,,4,8,,,,4
1530693120,20,4,3,,12,,,12,24,12,15,,36,12,,,,36,3,12,,25,46,10,,4,,,10,10,20,,,12,10
1530693180,24,4,3,,10,,,10,24,10,16,,31,10,,,,34,3,10,,26,43,12,,4,,,9,12,24,,,10,12
1530693240,8,,3,,,,,,24,,16,,,,,,,,3,,,37,4,4,,,,,,4,8,,,,4
1530693300,2,,3,,,,,,24,,16,,,,,,,,3,,,33,1,1,,,,,,1,2,,,,1
1530693360,16,,3,,10,10,,10,24,10,16,,20,10,,,,20,3,10,,44,28,8,,,,1,5,8,16,,,10,8
1530693420,8,,3,,,,,,24,,15,,,,,,,,3,,,37,4,4,,,,,,4,8,,,,4
1530693480,10,,3,,,,,,24,,16,,,,,,,,3,,,30,5,5,,,,,,5,10,,,,5
1530693540,10,,3,,,,,,24,,15,,,,,,,,3,,,35,5,5,,,,,,5,10,,,,5
1530693600,,,3,,,,,,24,,14,,,,,,,,3,,,38,,,,,,,,,,,,,
1530693660,20,,3,,14,,,14,24,13,16,,36,13,,,,20,3,14,,35,46,10,,,,,5,10,20,,,13,10
1530693720,14,7,3,,7,,,7,24,8,16,,23,8,,,,34,3,7,,32,30,7,,7,,,7,7,14,,,8,7
1530693780,8,,3,,,,,,24,,15,,,,,,,,3,,,33,4,4,,,,,,4,8,,,,4
1530693840,10,,3,,,,,,24,,17,,,,,,,,3,,,40,5,5,,,,,,5,10,,,,5
1530693900,,,3,,,,,,24,,15,,,,,,,,3,,,36,1,,,,,,,1,2,,,,1
1530693960,10,,3,,,,,,24,,15,,,,,,,,3,,,31,4,5,,,,,,4,8,,,,4
1530694020,18,,3,,14,10,,14,24,14,14,,38,14,,,,20,3,14,,30,47,9,,,,,5,9,18,,,14,9
1530694080,16,7,3,,7,,,7,24,7,14,,28,7,,,,34,3,7,,32,36,8,,7,,,8,8,16,,,7,8
1530694140,8,,3,,,,,,24,,16,,,,,,,,3,,,32,4,4,,,,,,4,8,,,,4
1530694200,2,,3,,,,,,24,,15,,,,,,,,3,,,32,1,1,,,,,,1,2,,,,1
1530694260,24,3,3,,13,,,13,25,13,18,,37,13,,,,36,3,13,,34,49,12,,3,,2,10,12,24,,,13,12
1530694320,18,1,3,,9,,,9,31,8,19,,18,8,,,5,20,3,9,,32,27,9,,1,,,5,9,18,,,8,9
1530694380,,,3,,,,,,24,1,15,,1,1,,,,,3,,,31,1,,,,,,,,,,,1,
1530694440,10,,3,,,,,,32,,17,,,,,,,,3,,,37,5,5,,,,,,5,10,,,,5
1530694500,8,,3,,,,,,24,,18,,,,,,,,3,,,31,4,4,,,,,,4,8,,,,4
1530694560,10,,3,,,,,,24,,16,,,,,,,,3,,,41,5,5,,,,,,5,10,,,,5
1530694620,8,,3,,4,8,,4,24,4,15,,8,4,,,,,3,4,,27,12,4,,,,,,4,8,,,4,4
1530694680,10,,3,,10,2,,10,31,10,16,,30,10,,,,20,3,10,,37,35,5,,,,,5,5,10,,,10,5
1530694740,24,4,3,,12,,,12,23,11,15,,26,11,,,,36,3,12,,35,38,12,,4,,,8,12,24,,,11,12
1530694800,,,3,,,,2,,25,1,15,,2,1,,,,,3,,,25,2,,,,,,,,,,,1,
1530694860,8,,3,,,,,,25,,18,,,,,,,,3,,,31,4,4,,,,,,4,8,,,,4
1530694920,10,,3,,,,,,24,,15,,,,,,,,3,,,27,5,5,,,,,,5,10,,,,5
1530694980,20,,3,,8,,,6,22,6,14,,10,4,,,,14,3,8,,27,20,10,,,,,5,10,20,,,4,10
1530695040,20,8,3,,10,,,12,26,12,17,,47,14,,,,42,3,10,,36,57,10,,8,,,10,10,20,,,14,10
1530695100,8,,3,,,,,,24,,15,,,,,,,,3,,,35,4,4,,,,,,4,8,,,,4
1530695160,10,,3,,,,,,24,,16,,,,,,,,3,,,32,5,5,,,,,,5,10,,,,5
1530695220,,,3,,,,,,24,,15,,,,,,,,3,,,32,,,,,,,,,,,,,
1530695280,28,3,3,,15,10,,15,24,13,15,,34,13,,,,36,3,15,,35,48,14,,3,,,9,14,28,,,13,14
1530695340,10,4,3,,6,,,6,24,8,15,,21,8,,,,20,3,6,,34,26,5,,4,,,5,5,10,,,8,5
1530695400,8,,3,,,,,,24,,15,,,,,,,,3,,,28,4,4,,,,,,4,8,,,,4
1530695460,2,,3,,,,,,24,,16,,,,,,,,3,,,32,1,1,,,,,,1,2,,,,1
1530695520,8,,3,,,,,,24,,15,,,,,,,,3,,,30,4,4,,,,,,4,8,,,,4
1530695580,10,,3,,,,,,24,,15,,,,,,,,3,,,32,5,5,,,,,,5,10,,,,5
1530695640,8,,3,,4,,,4,24,4,16,,8,4,,,,,3,4,,35,12,4,,,,,,4,8,,,4,4
1530695700,12,,3,,10,,,10,24,10,16,,30,10,,,,20,3,10,,30,36,6,,,,,5,6,12,,,10,6
1530695760,8,,3,,,,,,24,,15,,,,,,,,3,,,35,4,4,,,,,,4,8,,,,4
1530695820,18,1,3,,11,,,11,24,11,14,,23,11,,,,32,3,11,,39,32,9,,1,,,8,9,18,,,11,9
1530695880,8,,3,,,,,,24,,17,,,,,,,,3,,,33,4,4,,,,,,4,8,,,,4
1530695940,10,,3,,,,,,24,,15,,,,,,,,3,,,35,5,5,,,,,,5,10,,,,5
1530696000,30,8,3,,20,10,,20,22,19,13,,60,19,,,,58,3,20,,35,75,15,,8,,,15,15,30,,,19,15
1530696060,,,3,,,,,,26,1,17,,2,1,,,,,3,,,29,2,,,,,,,,,,,1,
1530696120,10,,3,,,,,,24,,15,,,,,,,,3,,,33,5,5,,,,,,5,10,,,,5
1530696180,8,,3,,,,,,24,,15,,,,,,,,3,,,36,4,4,,,,,,4,8,,,,4
1530696240,10,,3,,,,,,24,,16,,,,,,,,3,,,28,5,5,,,,,,5,10,,,,5
1530696300,18,,3,,12,,,10,24,9,15,,11,7,,,,16,3,12,,35,20,9,,,,,5,9,18,,,7,9
1530696360,16,4,3,,10,,,12,24,13,13,,43,15,,,,36,3,10,,29,51,8,,4,,,8,8,16,,,15,8
1530696420,8,,3,,,,,,24,,15,,,,,,,,3,,,30,4,4,,,,,,4,8,,,,4
1530696480,2,,3,,,,,,24,,16,,,,,,,,3,,,36,1,1,,,,,,1,2,,,,1
1530696540,8,,3,,,,,,24,,16,,,,,,,,3,,,33,4,4,,,,,,4,8,,,,4
1530696600,10,,3,,,,,,24,,16,,,,,,,,3,,,26,5,5,,,,,,5,10,,,,5
1530696660,8,,3,,4,8,,4,24,4,16,,8,4,,,,,3,4,,30,12,4,,,,,,4,8,,,4,4
1530696720,10,,3,,10,2,,10,24,10,15,,30,10,,,,20,3,10,,31,35,5,,,,,5,5,10,,,10,5
1530696780,10,,3,,,,,,24,,15,,,,,,,,3,,,34,5,5,,,,,,5,10,,,,5
1530696840,28,2,3,,12,,,12,24,11,15,,31,11,,,,34,3,12,,33,45,14,,2,,,10,14,28,,,11,14
1530696900,,,3,,,,,,24,1,16,,2,1,,,,,3,,,39,2,,,,,,,,,,,1,
1530696960,20,,3,,10,,,10,24,6,14,,13,6,,,,22,3,10,,32,22,10,,,,,5,10,20,,,6,10
1530697020,18,7,3,,9,,,9,22,12,14,,42,12,,,,34,3,9,,30,52,9,,7,,,9,9,18,,,12,9
1530697080,,,3,,,,,,26,1,16,,3,1,,,,,3,,,38,3,,,,,,,,,,,1,
1530697140,10,,3,,,,,,24,,15,,,,,,,,3,,,33,5,5,,,,,,5,10,,,,5
1530697200,8,,3,,,,,,24,,16,,,,,,,,3,,,31,4,4,,,,,,4,8,,,,4
1530697260,10,,3,,,,,,24,,16,,,,,,,,3,,,34,5,5,,,,,,5,10,,,,5
1530697320,8,,3,,4,8,,2,24,4,16,,4,2,,,,,3,4,,29,8,4,,,,,,4,8,,,2,4
1530697380,30,7,3,,17,2,,19,24,17,15,,55,19,,,,54,3,17,,35,70,15,,7,,,15,15,30,,,19,15
1530697440,4,,3,,,,,,24,,16,,,,,,,,3,,,32,2,2,,,,,,2,4,,,,2
1530697500,6,,3,,,,,,24,,15,,,,,,,,3,,,32,3,3,,,,,,3,6,,,,3
1530697560,8,,3,,,,,,24,,15,,,,,,,,3,,,29,4,4,,,,,,4,8,,,,4
1530697620,10,,3,,2,,,2,24,2,15,,2,2,,,,,3,2,,36,7,5,,,,,,5,10,,,2,5
1530697680,8,,3,,2,,,2,24,2,16,,4,2,,,,,3,2,,33,8,4,,,,,,4,8,,,2,4
1530697740,10,,3,,10,,,10,24,10,16,,30,10,,,,20,3,10,,36,35,5,,,,,5,5,10,,,10,5
1530697800,10,,3,,,,,,24,,15,,,,,,,,3,,,31,5,5,,,,,,5,10,,,,5
1530697860,8,,3,,,,,,24,,17,,,,,,,,3,,,31,4,4,,,,,,4,8,,,,4
1530697920,18,3,3,,13,,,13,24,13,16,,37,13,,,,36,3,13,,37,46,9,,3,,,9,9,18,,,13,9
1530697980,16,6,3,,8,8,,8,24,8,15,,29,8,,,,34,3,8,,35,37,8,,6,,,8,8,16,,,8,8
1530698040,18,,3,,10,2,,10,24,10,15,,20,10,,,,20,3,10,,35,29,9,,,,,5,9,18,,,10,9
1530698100,8,,3,,,,,,27,,18,,,,,,,,3,,,38,4,4,,,,,,4,8,,,,4
1530698160,2,,3,,,,,,24,,16,,,,,,,,3,,,37,1,1,,,,,,1,2,,,,1
1530698220,8,,3,,,,,,24,,15,,,,,,,,3,,,38,4,4,,,,,,4,8,,,,4
1530698280,10,,3,,,,,,24,,16,,,,,,,,3,,,36,5,5,,,,,,5,10,,,,5
1530698340,8,,3,,4,,,4,24,4,14,,8,4,,,,,3,4,,34,12,4,,,,,,4,8,,,4,4
1530698400,24,6,3,,16,,,16,22,14,15,,42,14,,,,50,3,16,,35,54,12,,6,,,12,12,24,,,14,12
1530698460,2,1,3,,1,,,1,26,3,16,,9,3,,,,4,3,1,,33,10,1,,1,,,1,1,2,,,3,1
1530698520,10,,3,,,,,,24,,15,,,,,,,,3,,,35,5,5,,,,,,5,10,,,,5
1530698580,8,,3,,,,,,24,,15,,,,,,,,3,,,37,4,4,,,,,,4,8,,,,4
1530698640,10,,3,,,,,,24,,17,,,,,,,,3,,,32,5,5,,,,,,5,10,,,,5
1530698700,10,,3,,10,10,,10,24,9,15,,29,9,,,,20,3,10,,33,34,5,,,,,5,5,10,,,9,5
1530698760,,,3,,,,,,24,1,15,,1,1,,,,,3,,,33,1,,,,,,,,,,,1,
1530698820,10,,3,,,,,,24,,15,,,,,,,,3,,,35,5,5,,,,,,5,10,,,,5
1530698880,8,,3,,,,,,24,,15,,,,,,,,3,,,33,4,4,,,,,,4,8,,,,4
1530698940,38,12,3,,24,,,24,22,23,12,,85,23,,,,76,3,24,,30,104,19,,12,,,19,19,38,,,23,19
1530699000,,,3,,,,,,26,1,16,,1,1,,,,,3,,,23,1,,,,,,,,,,,1,
1530699060,18,1,3,,9,,,9,24,9,15,,19,9,,,,20,3,9,,28,28,9,,1,,,5,9,18,,,9,9
1530699120,8,,3,,,,,,24,,15,,,,,,,,3,,,32,4,4,,,,,,4,8,,,,4
1530699180,2,,3,,,,,,24,,15,,,,,,,,3,,,34,1,1,,,,,,1,2,,,,1
1530699240,8,,3,,,,,,24,,16,,,,,,,,3,,,29,4,4,,,,,,4,8,,,,4
1530699300,10,,3,,,,,,24,,16,,,,,,,,3,,,30,5,5,,,,,,5,10,,,,5
1530699360,8,,3,,4,8,,4,24,4,15,,8,4,,,,,3,4,,35,12,4,,,,,,4,8,,,4,4
1530699420,12,,3,,10,2,,10,24,10,16,,30,10,,,,20,3,10,,32,36,6,,,,1,5,6,12,,,10,6
1530699480,18,8,3,,8,,,8,24,8,15,,24,8,,,,36,3,8,,32,33,9,,8,,,9,9,18,,,8,9
1530699540,8,,3,,,,,,24,,15,,,,,,,,3,,,34,4,4,,,,,,4,8,,,,4
1530699600,10,,3,,,,,,24,,15,,,,,,,,3,,,32,5,5,,,,,,5,10,,,,5
1530699660,,,3,,,,,,24,,17,,,,,,,,3,,,31,,,,,,,,,,,,,
1530699720,20,,3,,10,,,10,24,10,15,,30,10,,,,20,3,10,,31,40,10,,,,,5,10,20,,,10,10
1530699780,,,3,,,,,,24,,15,,,,,,,,3,,,36,,,,,,,,,,,,,
1530699840,10,,3,,,,,,24,,16,,,,,,,,3,,,36,5,5,,,,,,5,10,,,,5
1530699900,28,5,3,,15,,,15,24,14,14,,42,14,,,,40,3,15,,34,56,14,,5,,,10,14,28,,,14,14
1530699960,,,3,,,,,,24,1,15,,3,1,,,,,3,,,38,3,,,,,,,,,,,1,
1530700020,24,5,3,,9,10,,9,24,9,15,,30,9,,,,34,3,9,,32,42,12,,5,,,10,12,24,,,9,12
1530700080,16,1,3,,9,,,9,24,9,14,,19,9,,,,20,3,9,,32,27,8,,1,,1,5,8,16,,,9,8
1530700140,8,,3,,,,,,24,,16,,,,,,,,3,,,30,4,4,,,,,,4,8,,,,4
1530700200,2,,3,,,,,,24,,15,,,,,,,,3,,,33,1,1,,,,,,1,2,,,,1
1530700260,8,,3,,,,,,24,,18,,,,,,,,3,,,36,4,4,,,,,,4,8,,,,4
1530700320,10,,3,,,,,,24,,15,,,,,,,,3,,,33,5,5,,,,,,5,10,,,,5
1530700380,8,,3,,4,,,4,24,4,15,,8,4,,,,,3,4,,37,12,4,,,,,,4,8,,,4,4
1530700440,12,,3,,10,,,10,24,10,17,,30,10,,,,20,3,10,,34,36,5,,,,,5,6,12,,,10,6
1530700500,26,5,3,,13,,,13,24,11,14,,28,11,,,,36,3,13,,41,41,13,,5,,,9,13,26,,,11,13
1530700560,2,1,3,,1,,1,1,24,3,15,,6,3,,,,4,3,1,,40,7,1,,1,,,1,1,2,,,3,1
1530700620,10,,3,,,,,,24,,15,,,,,,,,3,,,33,5,5,,,,,,5,10,,,,5
1530700680,8,,3,,,,,,24,,15,,,,,,,,3,,,36,4,4,,,,,,4,8,,,,4
1530700740,20,,3,,10,10,,10,23,9,15,,23,9,,,,20,3,10,,34,33,10,,,,,5,10,20,,,9,10
1530700800,,,3,,,,,,25,1,16,,2,1,,,,,3,,,34,2,,,,,,,,,,,1,
1530700860,18,,3,,6,,,4,24,4,16,,5,2,,,,12,3,6,,29,14,9,,,,,5,10,19,,,2,10
1530700920,10,3,3,,7,,,9,24,9,14,,32,11,,,,24,3,7,,35,37,5,,3,,,4,4,9,,,11,4
1530700980,8,,3,,,,,,24,,15,,,,,,,,3,,,37,4,4,,,,,,4,8,,,,4
1530701040,28,2,3,,12,,,12,22,11,15,,31,11,,,,34,3,12,,36,45,14,,2,,2,9,14,28,,,11,14
1530701100,10,3,3,,7,,,7,26,8,16,,19,8,,,,20,3,7,,39,24,5,,3,,,5,5,10,,,8,5
1530701160,8,,3,,,,,,24,,15,,,,,,,,3,,,31,4,4,,,,,,4,8,,,,4
1530701220,2,,3,,,,,,24,,15,,,,,,,,3,,,31,1,1,,,,,,1,2,,,,1
1530701280,8,,3,,,,,,24,,15,,,,,,,,3,,,31,4,4,,,,,,4,8,,,,4
1530701340,10,,3,,,,,,24,,16,,,,,,,,3,,,35,5,5,,,,,,5,10,,,,5
1530701400,8,,3,,4,8,,4,24,4,15,,8,4,,,,,3,4,,33,12,4,,,,,,4,8,,,4,4
1530701460,12,,3,,10,2,,10,24,10,16,,30,10,,,,20,3,10,,39,36,6,,,,,5,6,12,,,10,6
1530701520,8,,3,,,,,,24,,15,,,,,,,,3,,,40,4,4,,,,,,4,8,,,,4
1530701580,22,3,3,,13,,,13,24,13,14,,30,13,,,,36,3,13,,37,41,11,,3,,,10,11,22,,,13,11
1530701640,8,,3,,,,,,24,,16,,,,,,,,3,,,42,4,4,,,,,,4,8,,,,4
1530701700,10,,3,,,,,,24,,16,,,,,,,,3,,,38,5,5,,,,,,5,10,,,,5
1530701760,10,,3,,10,,,10,23,9,14,,23,9,,,,20,3,10,,32,28,5,,,,,5,5,10,,,9,5
1530701820,,,3,,,,,,25,1,19,,2,1,,,,,3,,,32,2,,,,,,,,,,,1,
1530701880,24,3,3,,11,,,11,24,11,14,,32,11,,,,34,3,11,,33,44,12,,3,,,8,12,24,,,11,12
1530701940,8,,3,,,,,,24,,15,,,,,,,,3,,,31,4,4,,,,,,4,8,,,,4
1530702000,10,,3,,,,,,24,,16,,,,,,,,3,,,33,5,5,,,,,,5,10,,,,5
1530702060,4,,3,,,,,,24,,16,,,,,,,,3,,,36,2,2,,,,,,2,4,,,,2
1530702120,30,9,3,,19,10,,19,24,19,15,,56,19,,,,58,3,19,,27,71,15,,9,,1,14,15,30,,,19,15
1530702180,8,,3,,,,,,24,,15,,,,,,,,3,,,29,4,4,,,,,,4,8,,,,4
1530702240,10,,3,,,,,,24,,16,,,,,,,,3,,,30,5,5,,,,,,5,10,,,,5
1530702300,,,3,,,,,,24,,15,,,,,,,,3,,,30,,,,,,,,,,,,,
1530702360,10,,3,,,,,,24,,16,,,,,,,,3,,,31,5,5,,,,,,5,10,,,,5
1530702420,20,,3,,12,,,10,22,10,14,,23,8,,,,15,3,12,,32,33,10,,,,1,5,10,20,,,8,10
1530702480,,,3,,2,,,4,26,4,15,,15,6,,,,5,3,2,,40,15,,,,,,,,,,,6,
1530702540,10,,3,,,,,,24,,16,,,,,,,,3,,,29,5,5,,,,,,5,10,,,,5
1530702600,26,2,3,,12,,,12,23,11,13,,31,11,,,,34,3,12,,32,44,13,,2,,,9,13,26,,,11,13
1530702660,,,3,,,,,,25,1,17,,2,1,,,,,3,,,37,2,,,,,,,,,,,1,
1530702720,10,,3,,,,,,24,,15,,,,,,,,3,,,36,5,5,,,,,,5,10,,,,5
1530702780,18,,3,,10,10,1,10,24,10,13,,25,10,,,,20,3,10,,32,34,9,,,,,5,9,18,,,10,9
1530702840,18,8,3,,8,,,8,22,5,15,,26,5,,,,34,3,8,,32,35,9,,8,,,9,9,18,,,5,9
1530702900,2,1,3,,1,,,1,26,4,16,,10,4,,,,4,3,1,,37,11,1,,1,,,1,1,2,,,4,1
1530702960,10,,3,,,,,,24,,15,,,,,,,,3,,,35,5,5,,,,,,5,10,,,,5
1530703020,8,,3,,,,,,24,,15,,,,,,,,3,,,41,4,4,,,,,,4,8,,,,4
1530703080,10,,3,,,,,,24,,15,,,,,,,,3,,,35,5,5,,,,,,5,10,,,,5
1530703140,28,8,3,,18,,,18,24,17,15,,52,17,,,,56,3,18,,35,66,14,,8,,,14,14,28,,,17,14
1530703200,,,3,,,,,,24,1,15,,2,1,,,,,3,,,35,2,,,,,,,,,,,1,
1530703260,10,,3,,,,,,24,,16,,,,,,,,3,,,39,5,5,,,,,,5,10,,,,5
1530703320,8,,3,,,,,,24,,15,,,,,,,,3,,,40,4,4,,,,,,4,8,,,,4
1530703380,10,,3,,1,,,1,24,1,15,,1,1,,,,,3,1,,39,6,5,,,,,,5,10,,,1,5
1530703440,8,,3,,3,6,,3,24,3,16,,6,3,,,,,3,3,,35,10,4,,,,,,4,8,,,3,4
1530703500,10,,3,,10,4,,10,24,10,15,,30,10,,,,20,3,10,,35,35,5,,,,,5,5,10,,,10,5
1530703560,10,,3,,,,,,24,,15,,,,,,,,3,,,33,5,5,,,,,,5,10,,,,5
1530703620,8,,3,,,,,,24,,15,,,,,,,,3,,,29,4,4,,,,,,4,8,,,,4
1530703680,20,4,3,,14,,,14,24,14,15,,41,14,,,,38,3,14,,36,51,10,,4,,,10,10,20,,,14,10
1530703740,8,,3,,,,,,24,,16,,,,,,,,3,,,31,4,4,,,,,,4,8,,,,4
1530703800,12,,3,,10,,,10,24,10,15,,25,10,,,,20,3,10,,37,31,6,,,,,5,6,12,,,10,6
1530703860,18,8,3,,8,,,8,24,8,16,,32,8,,,,36,3,8,,36,41,9,,8,,,9,9,18,,,8,9
1530703920,8,,3,,,,,,24,,15,,,,,,,,3,,,35,4,4,,,,,,4,8,,,,4
1530703980,10,,3,,,,,,24,,15,,,,,,,,3,,,31,5,5,,,,,,5,10,,,,5
1530704040,,,3,,,,,,24,,16,,,,,,,,3,,,33,,,,,,,,,,,,,
1530704100,10,,3,,1,2,,1,24,1,16,,1,1,,,,,3,1,,33,6,5,,,,,,5,10,,,1,5
1530704160,16,,3,,12,8,,12,24,12,14,,34,12,,,,22,3,12,,35,42,8,,,,3,5,8,16,,,12,8
1530704220,16,7,3,,7,,,7,24,7,16,,21,7,,,,34,3,7,,38,29,8,,7,,,8,8,16,,,7,8
1530704280,8,,3,,,,,,24,,16,,,,,,,,3,,,33,4,4,,,,,,4,8,,,,4
1530704340,10,,3,,,,,,24,,16,,,,,,,,3,,,35,5,5,,,,,,5,10,,,,5
1530704400,,,3,,,,,,24,,15,,,,,,,,3,,,35,,,,,,,,,,,,,
1530704460,20,,3,,10,,,9,24,8,15,,19,7,,,,17,3,10,,37,29,10,,,,,5,10,20,,,7,10
1530704520,,,3,,1,,,2,24,3,16,,12,4,,,,3,3,1,,29,12,,,,,,,,,,,4,
1530704580,10,,3,,,,,,24,,15,,,,,,,,3,,,37,5,5,,,,,,5,10,,,,5
1530704640,8,,3,,,,,,24,,16,,,,,,,,3,,,35,4,4,,,,,,4,8,,,,4
1530704700,26,1,3,,11,2,,11,23,9,14,,23,9,,,,30,3,11,,35,36,13,,1,,,8,13,26,,,9,13
1530704760,2,1,3,,1,,,1,25,3,16,,10,3,,,,4,3,1,,30,11,1,,1,,,1,1,2,,,3,1
1530704820,34,6,3,,18,8,,18,24,18,15,,47,18,,,,54,3,18,,32,64,17,,6,,,13,17,34,,,18,17
1530704880,4,,3,,,,,,24,,15,,,,,,,,3,,,36,2,2,,,,,,3,5,,,,3
1530704940,6,,3,,,,,,24,,16,,,,,,,,3,,,40,3,3,,,,,,2,5,,,,2
1530705000,8,,3,,,,,,24,,15,,,,,,,,3,,,40,4,4,,,,,,4,8,,,,4
1530705060,10,,3,,,,,,24,,16,,,,,,,,3,,,32,5,5,,,,,,5,10,,,,5
1530705120,8,,3,,4,,,4,24,4,15,,8,4,,,,,3,4,,35,12,4,,,,,,4,8,,,4,4
1530705180,10,,3,,10,,,10,24,10,14,,30,10,,,,20,3,10,,41,35,5,,,,,5,5,10,,,10,5
1530705240,26,3,3,,11,,,11,24,11,14,,25,11,,,,34,3,11,,33,38,13,,3,,,9,13,26,,,11,13
1530705300,2,,3,,,,,,24,,16,,,,,,,,3,,,29,1,1,,,,,,1,2,,,,1
1530705360,8,,3,,,,,,24,,15,,,,,,,,3,,,32,4,4,,,,,,4,8,,,,4
1530705420,8,,3,,,,,,24,,15,,,,,,,,3,,,34,4,4,,,,,,4,8,,,,4
1530705480,20,,3,,11,10,,11,23,9,14,,23,9,,,,20,3,11,,37,33,10,,,,,5,10,20,,,9,10
1530705540,,,3,,,,,,25,2,18,,8,2,,,,,3,,,30,8,,,,,,,,,,,2,
1530705600,10,,3,,,,,,24,,17,,,,,,,,3,,,37,5,5,,,,,,5,10,,,,5
1530705660,8,,3,,,,,,24,,16,,,,,,,,3,,,33,4,4,,,,,,4,8,,,,4
1530705720,10,,3,,,,,,24,,15,,,,,,,,3,,,33,5,5,,,,,,5,10,,,,5
1530705780,34,9,3,,21,,,21,23,20,14,,63,20,,,,70,3,21,,31,80,17,,9,,,17,17,34,,,20,17
1530705840,10,4,3,,6,,,6,25,7,16,,19,7,,,,20,3,6,,37,24,5,,4,,,5,5,10,,,7,5
1530705900,8,,3,,,,,,24,,15,,,,,,,,3,,,37,4,4,,,,,,4,8,,,,4
1530705960,2,,3,,,,,,24,,15,,,,,,,,3,,,36,1,1,,,,,,1,2,,,,1
1530706020,8,,3,,,,,,24,,16,,,,,,,,3,,,35,4,4,,,,,,4,8,,,,4
1530706080,10,,3,,,,,,24,,15,,,,,,,,3,,,39,5,5,,,,,,5,10,,,,5
1530706140,8,,3,,4,8,,4,24,4,16,,8,4,,,,,3,4,,33,12,4,,,,,,4,8,,,4,4
1530706200,10,,3,,10,2,,10,24,10,16,,30,10,,,,20,3,10,,32,35,5,,,,,5,5,10,,,10,5
1530706260,22,3,3,,11,,,11,24,6,16,,12,6,,,,28,3,11,,38,23,11,,3,,,7,11,22,,,6,11
1530706320,6,3,3,,3,,,3,24,8,14,,22,8,,,,12,3,3,,37,25,3,,3,,,3,3,6,,,8,3
1530706380,10,,3,,,,,,24,,15,,,,,,,,3,,,36,5,5,,,,,,5,10,,,,5
1530706440,8,,3,,,,,,24,,16,,,,,,,,3,,,29,4,4,,,,,,4,8,,,,4
1530706500,10,,3,,10,,,10,24,10,16,,25,10,,,,20,3,10,,33,30,5,,,,,5,5,10,,,10,5
1530706560,8,,3,,,,,,24,,15,,,,,,,,3,,,34,4,4,,,,,,4,8,,,,4
1530706620,2,,3,,,,,,24,,15,,,,,,,,3,,,30,1,1,,,,,,1,2,,,,1
1530706680,8,,3,,,,,,24,,14,,,,,,,,3,,,27,4,4,,,,,,4,8,,,,4
1530706740,10,,3,,,,,,23,,16,,,,,,,,3,,,39,5,5,,,,,,5,10,,,,5
1530706800,38,13,3,,23,10,,23,25,23,15,,92,23,,,,76,3,23,,34,111,19,,13,,,19,19,38,,,23,19
1530706860,10,4,3,,6,,,6,24,6,17,,16,6,,,,20,3,6,,42,21,5,,4,,,5,5,10,,,6,5
1530706920,8,,3,,,,,,24,,15,,,,,,,,3,,,35,4,4,,,,,,4,8,,,,4
1530706980,10,,3,,,,,,24,,15,,,,,,,,3,,,32,5,5,,,,,,5,10,,,,5
1530707040,,,3,,,,,,24,,16,,,,,,,,3,,,32,,,,,,,,,,,,,
1530707100,10,,3,,,,,,24,,15,,,,,,,,3,,,35,5,5,,,,,,5,10,,,,5
1530707160,20,,3,,13,,,12,22,11,13,,26,10,,,,18,3,13,,37,36,10,,,,1,5,10,20,,,10,10
1530707220,,,3,,1,,,2,26,3,15,,12,4,,,,2,3,1,,32,12,,,,,,,,,,,4,
1530707280,10,,3,,,,,,24,,17,,,,,,,,3,,,31,5,5,,,,,,5,10,,,,5
1530707340,20,5,3,,15,,,15,24,15,15,,45,15,,,,40,3,15,,45,55,10,,5,,,10,10,20,,,15,10
1530707400,8,,3,,,,,,24,,17,,,,,,,,3,,,44,4,4,,,,,,4,8,,,,4
1530707460,10,,3,,,,,,24,,17,,,,,,,,3,,,39,5,5,,,,,,5,10,,,,5
1530707520,10,,3,,10,10,,10,24,10,15,,25,10,,,,20,3,10,,34,30,5,,,,,5,5,10,,,10,5
1530707580,8,,3,,,,,,24,,15,,,,,,,,3,,,34,4,4,,,,,,4,8,,,,4
1530707640,2,,3,,,,,,24,,16,,,,,,,,3,,,35,1,1,,,,,,1,2,,,,1
1530707700,8,,3,,,,,,24,,16,,,,,,,,3,,,38,4,4,,,,,,4,8,,,,4
1530707760,20,4,3,,14,,,14,24,14,14,,50,14,,,,38,3,14,,38,60,10,,4,,,10,10,20,,,14,10
1530707820,22,1,3,,9,,,9,24,7,14,,19,7,,,,26,3,9,,30,30,11,,1,,,7,11,22,,,7,11
1530707880,14,5,3,,9,,,9,24,11,16,,30,11,,,,28,3,9,,37,37,7,,5,,,7,7,14,,,11,7
1530707940,8,,3,,,,,,24,,16,,,,,,,,3,,,33,4,4,,,,,,4,8,,,,4
1530708000,10,,3,,,,,,24,,15,,,,,,,,3,,,36,5,5,,,,,,5,10,,,,5
1530708060,10,,3,,,,,,24,,17,,,,,,,,3,,,30,5,5,,,,,,5,10,,,,5
1530708120,,,3,,,,,,24,,16,,,,,,,,3,,,31,,,,,,,,,,,,,
1530708180,18,,3,,14,10,,14,24,14,15,,38,14,,,,20,3,14,,37,47,9,,,,,5,9,18,,,14,9
1530708240,,,3,,,,,,24,,16,,,,,,,,3,,,28,,,,,,,,,,,,,
1530708300,10,,3,,,,,,24,,15,,,,,,,,3,,,37,5,5,,,,,,5,10,,,,5
1530708360,28,4,3,,14,,,14,24,14,14,,41,14,,,,38,3,14,,35,55,14,,4,,,10,14,28,,,14,14
1530708420,8,,3,,,,,,24,,15,,,,,,,,3,,,30,4,4,,,,,,4,8,,,,4
1530708480,2,,3,,,,,,24,,15,,,,,,,,3,,,31,1,1,,,,,,1,2,,,,1
1530708540,18,,3,,10,,,10,24,10,15,,25,10,,,,20,3,10,,31,34,9,,,,,5,9,18,,,10,9
1530708600,8,,3,,,,,,24,,15,,,,,,,,3,,,31,4,4,,,,,,4,8,,,,4
1530708660,10,,3,,,,,,24,,16,,,,,,,,3,,,31,5,5,,,,,,5,10,,,,5
1530708720,18,3,3,,13,,,13,24,13,14,,37,13,,,,36,3,13,,33,46,9,,3,,,9,9,18,,,13,9
1530708780,2,,3,,,,,,24,,15,,,,,,,,3,,,36,1,1,,,,,,1,2,,,,1
1530708840,8,,3,,,,,,24,,16,,,,,,,,3,,,36,4,4,,,,,,4,8,,,,4
1530708900,26,7,3,,17,10,,17,24,17,16,,46,17,,,,54,3,17,,34,59,13,,7,,,13,13,26,,,17,13
1530708960,8,,3,,,,,,24,,15,,,,,,,,3,,,36,4,4,,,,,,4,8,,,,4
1530709020,6,,3,,,,,,24,,16,,,,,,,,3,,,33,3,3,,,,,,3,6,,,,3
1530709080,4,,3,,,,,,24,,15,,,,,,,,3,,,38,2,2,,,,,,2,4,,,,2
1530709140,10,,3,,,,,,24,,15,,,,,,,,3,,,38,5,5,,,,,,5,10,,,,5
1530709200,18,,3,,14,,,14,24,14,16,,38,14,,,,20,3,14,,36,47,9,,,,,5,9,18,,,14,9
1530709260,4,,3,,,,,,24,,17,,,,,,,,3,,,35,2,2,,,,,,4,6,,,,4
1530709320,6,,3,,,,,,24,,15,,,,,,,,3,,,32,3,3,,,,,,1,4,,,,1
1530709380,22,,3,,10,,,10,24,8,14,,18,8,,,,26,3,10,,35,29,11,,,,,7,11,22,,,8,11
1530709440,4,2,3,,2,,,2,24,4,16,,15,4,,,,8,3,2,,33,17,2,,2,,,2,2,4,,,4,2
1530709500,8,,3,,,,,,24,,15,,,,,,,,3,,,39,4,4,,,,,,4,8,,,,4
1530709560,12,,3,,10,10,,10,24,10,15,,20,10,,,,20,3,10,,37,26,6,,,,,5,6,12,,,10,6
1530709620,8,,3,,,,,,24,,15,,,,,,,,3,,,30,4,4,,,,,,4,8,,,,4
1530709680,20,,3,,8,,,6,24,6,14,,11,4,,,,18,3,8,,39,21,10,,,,,5,10,20,,,4,10
1530709740,8,4,3,,6,,,8,24,8,15,,30,10,,,,20,3,6,,32,34,4,,4,,,4,4,8,,,10,4
1530709800,10,,3,,,,,,24,,15,,,,,,,,3,,,29,5,5,,,,,,5,10,,,,5
1530709860,18,,3,,6,,,3,24,5,17,,2,2,,,,13,3,6,,31,11,9,,,,,5,9,18,,,2,9
1530709920,16,7,3,,11,,,14,23,11,14,,42,14,,,,41,3,11,,42,50,8,,7,,,8,8,16,,,14,8
1530709980,,,3,,,,,,25,1,15,,2,1,,,,,3,,,35,2,,,,,,,,,,,1,
1530710040,10,,3,,,,,,24,,18,,,,,,,,3,,,35,5,5,,,,,,5,10,,,,5
1530710100,8,,3,,,,,,24,,16,,,,,,,,3,,,38,4,4,,,,,,4,8,,,,4
1530710160,10,,3,,,,,,24,,15,,,,,,,,3,,,40,5,5,,,,,,5,10,,,,5
1530710220,10,,3,,10,10,,10,24,10,15,,30,10,,,,20,3,10,,33,35,5,,,,,5,5,10,,,10,5
1530710280,8,,3,,,,,,24,,15,,,,,,,,3,,,35,4,4,,,,,,4,8,,,,4
1530710340,2,,3,,,,,,24,,16,,,,,,,,3,,,34,1,1,,,,,,1,2,,,,1
1530710400,8,,3,,,,,,24,,16,,,,,,,,3,,,31,4,4,,,,,,4,8,,,,4
1530710460,30,3,3,,13,,,13,24,13,14,,37,13,,,,36,3,13,,35,52,15,,3,,,10,15,30,,,13,15
1530710520,8,,3,,,,,,24,,15,,,,,,,,3,,,32,4,4,,,,,,4,8,,,,4
1530710580,10,,3,,10,,,10,24,10,14,,20,10,,,,20,3,10,,34,25,5,,,,,5,5,10,,,10,5
1530710640,8,,3,,,,,,24,,16,,,,,,,,3,,,37,4,4,,,,,,4,8,,,,4
1530710700,22,4,3,,14,,,14,24,14,16,,41,14,,,,38,3,14,,33,52,11,,4,,,10,11,22,,,14,11
1530710760,8,,3,,,,,,24,,15,,,,,,,,3,,,32,4,4,,,,,,4,8,,,,4
1530710820,10,,3,,,,,,24,,15,,,,,,,,3,,,32,5,5,,,,,,5,10,,,,5
1530710880,10,,3,,10,10,,10,23,9,14,,23,9,,,,20,3,10,,39,28,5,,,,,5,5,10,,,9,5
1530710940,,,3,,,,,,25,1,17,,2,1,,,,,3,,,35,2,,,,,,,,,,,1,
1530711000,20,7,3,,7,,,7,24,7,15,,21,7,,,,34,3,7,,40,31,10,,7,,,10,10,20,,,7,10
1530711060,8,,3,,,,,,24,,16,,,,,,,,3,,,35,4,4,,,,,,4,8,,,,4
1530711120,10,,3,,,,,,24,,15,,,,,,,,3,,,37,5,5,,,,,,5,10,,,,5
1530711180,10,,3,,2,,,2,24,2,15,,2,2,,,,,3,2,,40,7,5,,,,,,5,10,,,2,5
1530711240,10,,3,,10,,,10,24,10,18,,30,10,,,,20,3,10,,36,35,5,,,,,5,5,10,,,10,5
1530711300,8,,3,,,,,,24,,17,,,,,,,,3,,,37,4,4,,,,,,4,8,,,,4
1530711360,2,,3,,,,,,24,,15,,,,,,,,3,,,34,1,1,,,,,,1,2,,,,5
1530711420,8,,3,,,,,,24,,15,,,,,,,,3,,,33,4,4,,,,,,4,8,,,,
1530711480,28,3,3,,13,4,,13,23,12,14,,34,12,,,,36,3,13,,33,48,14,,3,,,9,14,28,,,12,14
1530711540,10,4,3,,6,6,,6,25,2,17,,8,2,,,,20,3,6,,37,13,5,,4,,,5,5,10,,,2,5
1530711600,,,3,,,,,,24,5,15,,11,5,,,,,3,,,37,11,,,,,,,,,,,5,
1530711660,28,6,3,,14,,,14,24,14,14,,44,14,,,,40,3,14,,36,58,14,,6,,1,10,14,28,,,14,14
1530711720,8,,3,,,,,,24,,15,,,,,,,,3,,,38,4,4,,,,,,4,8,,,,4
1530711780,8,,3,,,,,,24,,15,,,,,,,,3,,,45,4,4,,,,,,4,8,,,,4
1530711840,2,,3,,,,,,24,,17,,,,,,,,3,,,39,1,1,,,,,,1,2,,,,1
1530711900,20,,3,,10,,,10,24,10,14,,30,10,,,,20,3,10,,33,40,10,,,,,5,10,20,,,10,10
1530711960,8,,3,,,,,,24,,15,,,,,,,,3,,,39,4,4,,,,,,4,8,,,,4
1530712020,16,4,3,,12,,,12,24,12,15,,28,12,,,,36,3,12,,37,36,8,,4,,,8,8,16,,,12,8
1530712080,8,,3,,,,,,24,,15,,,,,,,,3,,,37,4,4,,,,,,4,8,,,,4
1530712140,2,,3,,,,,,24,,16,,,,,,,,3,,,32,1,1,,,,,,1,2,,,,1
1530712200,8,,3,,,,,,24,,15,,,,,,,,3,,,34,4,4,,,,,,4,8,,,,4
1530712260,18,,3,,10,10,,10,24,10,15,,25,10,,,,20,3,10,,36,34,9,,,,1,5,9,18,,,10,9
1530712320,8,,3,,,,,,24,,15,,,,,,,,3,,,30,4,4,,,,,,4,8,,,,4
1530712380,10,,3,,,,,,24,,15,,,,,,,,3,,,33,5,5,,,,,,5,10,,,,5
1530712440,,,3,,,,,,24,,16,,,,,,,,3,,,38,,,,,,,,,,,,,
1530712500,10,,3,,,,,,24,,16,,,,,,,,3,,,36,5,5,,,,,,5,10,,,,5
1530712560,24,3,3,,16,,,15,24,14,14,,34,13,,,,44,3,16,,37,46,12,,3,,,13,13,25,,,13,13
1530712620,18,8,3,,9,,,10,24,8,13,,33,9,,,,38,3,9,,34,42,9,,8,,,8,8,17,,,9,8
1530712680,4,2,3,,2,,,2,24,5,15,,15,5,,,,8,3,2,,35,17,2,,2,,,2,2,4,,,5,2
1530712740,10,,3,,,,,,24,,17,,,,,,,,3,,,37,5,5,,,,,,5,10,,,,5
1530712800,8,,3,,,,,,24,,28,,,,,,,,3,,,30,4,4,,,,,,4,8,,,,4
1530712860,10,,3,,,,,,24,,18,,,,,,,,3,,,32,5,5,,,,,,5,10,,,,5
1530712920,10,,3,,10,10,,10,24,10,18,,30,10,,,,20,3,10,,27,35,5,,,,,5,5,10,,,10,5
1530712980,8,,3,,,,,,24,,17,,,,,,,,3,,,25,4,4,,,,,,4,8,,,,4
1530713040,26,3,3,,13,,,13,23,11,15,,26,11,,,,36,3,13,,25,39,13,,3,,,8,13,26,,,11,13
1530713100,,,3,,,,,,25,2,19,,6,2,,,,,3,,,33,6,,,,,,,,,,,2,
1530713160,10,,3,,,,,,24,,18,,,,,,,,3,,,23,5,5,,,,,,5,10,,,,5
1530713220,18,,3,,10,,,10,24,10,18,,20,10,,,,20,3,10,,8,29,9,,,,,5,9,18,,,10,9
1530713280,8,,3,,,,,,24,,20,,,,,,,,3,,,11,4,4,,,,,,4,8,,,,4
1530713340,2,,3,,,,,,24,,21,,,,,,,,3,,,3,1,1,,,,,,1,2,,,,1
1530713400,8,,3,,,,,,24,,23,,,,,,,,3,,,9,4,4,,,,,,4,8,,,,4
1530713460,18,3,3,,13,,,13,24,13,21,,37,13,,,,36,3,13,,5,46,9,,3,,,9,9,18,,,13,9
1530713520,14,3,3,,7,10,,7,24,7,21,,22,7,,,,20,3,7,,5,29,7,,3,,2,5,7,14,,,7,7
1530713580,16,7,3,,7,,,7,24,7,18,,21,7,,,,34,3,7,,4,29,8,,7,,,8,8,16,,,7,8
1530713640,8,,3,,,,,,24,,25,,,,,,,,3,,,1,4,4,,,,,,4,8,,,,4
1530713700,2,,3,,,,,,24,,22,,,,,,,,3,,,4,1,1,,,,,,1,2,,,,1
1530713760,8,,3,,,,,,24,,18,,,,,,,,3,,,3,4,4,,,,,,4,8,,,,4
1530713820,20,,3,,10,,,10,24,10,17,,30,10,,,,20,3,10,,6,40,10,,,,,5,10,20,,,10,10
1530713880,8,,3,,,,,,24,,22,,,,,,,,3,,,7,4,4,,,,,,4,8,,,,4
1530713940,2,,3,,,,,,24,,22,,,,,,,,3,,,7,1,1,,,,,,1,2,,,,1
1530714000,8,,3,,,,,,24,,23,,,,,,,,3,,,8,4,4,,,,,,4,8,,,,4
1530714060,10,,3,,,,,,24,,24,,,,,,,,3,,,8,5,5,,,,,,5,10,,,,5
1530714120,30,6,3,,20,,,20,24,20,20,,54,20,,,,56,3,20,,18,69,15,,6,,,15,15,30,,,20,15
1530714180,14,7,3,,7,10,,7,24,7,20,,21,7,,,,34,3,7,,21,28,7,,7,,,7,7,14,,,7,7
1530714240,10,,3,,,,,,24,,21,,,,,,,,3,,,17,5,5,,,,,,5,10,,,,5
1530714300,8,,3,,,,,,24,,22,,,,,,,,3,,,5,4,4,,,,,,4,8,,,,4
1530714360,10,,3,,,,,,24,,24,,,,,,,,3,,,3,5,5,,,,,,5,10,,,,5
1530714420,10,,3,,10,,,10,24,10,22,,30,10,,,,20,3,10,,2,35,5,,,,,5,5,10,,,10,5
1530714480,8,,3,,,,,,24,,22,,,,,,,,3,,,2,4,4,,,,,,4,8,,,,4
1530714540,10,,3,,,,,,24,,25,,,,,,,,3,,,1,5,5,,,,,,5,10,,,,5
1530714600,20,5,3,,15,,,15,24,14,23,,32,14,,,,40,3,15,,6,42,10,,5,,,10,10,20,,,14,10
1530714660,,,3,,,,,,24,1,21,,4,1,,,,,3,,,9,4,,,,,,,,,,,1,
1530714720,18,1,3,,9,,,9,24,9,19,,19,9,,,,20,3,9,,33,28,9,,1,,1,5,9,18,,,9,9
1530714780,8,,3,,,,,,24,,27,,,,,,,,3,,,35,4,4,,,,,,4,8,,,,4
1530714840,20,6,3,,14,10,,14,24,14,19,,44,14,,,,40,3,14,,36,54,10,,6,,,10,10,20,,,14,10
1530714900,8,,3,,,,,,24,,20,,,,,,,,3,,,36,4,4,,,,,,4,8,,,,4
1530714960,10,,3,,,,,,24,,21,,,,,,,,3,,,33,5,5,,,,,,5,10,,,,5
1530715020,10,,3,,10,,,10,24,10,18,,25,10,,,,20,3,10,,21,30,5,,,,,5,5,10,,,10,5
1530715080,8,,3,,,,,,24,,17,,,,,,,,3,,,6,4,4,,,,,,4,8,,,,4
1530715140,20,3,3,,13,,,13,24,13,17,,29,13,,,,36,3,13,,25,39,10,,3,,,9,10,20,,,13,10
1530715200,8,,3,,,,,,24,,15,,,,,,,,3,,,30,4,4,,,,,,4,8,,,,4
1530715260,2,,3,,,,,,24,,18,,,,,,,,3,,,27,1,1,,,,,,1,2,,,,1
1530715320,18,,3,,10,,,10,24,10,15,,20,10,,,,20,3,10,,24,29,9,,,,,5,9,18,,,10,9
1530715380,8,,3,,,,,,24,,15,,,,,,,,3,,,29,4,4,,,,,,4,8,,,,4
1530715440,2,,3,,,,,,24,,16,,,,,,,,3,,,24,1,1,,,,,,1,2,,,,1
1530715500,8,,3,,,,,,24,,16,,,,,,,,3,,,14,4,4,,,,,,4,8,,,,4
1530715560,10,,3,,,,,,24,,15,,,,,,,,3,,,23,5,5,,,,,,5,10,,,,5
1530715620,8,,3,,4,8,,4,24,4,15,,8,4,,,,,3,4,,26,12,4,,,,,,4,8,,,4,4
1530715680,30,6,3,,20,2,,20,24,20,14,,53,20,,,,56,3,20,,28,68,15,,6,,,15,15,30,,,20,15
1530715740,20,8,3,,8,,,8,24,8,15,,24,8,,,,36,3,8,,29,34,10,,8,,,10,10,20,,,8,10
1530715800,8,,3,,,,,,24,,16,,,,,,,,3,,,29,4,4,,,,,,4,8,,,,4
1530715860,10,,3,,,,,,24,,16,,,,,,,,3,,,30,5,5,,,,,,5,10,,,,5
1530715920,4,,3,,1,,,1,24,1,16,,1,1,,,,,3,1,,25,3,2,,,,,,4,6,,,1,4
1530715980,16,,3,,10,,,10,24,7,14,,22,7,,,,20,3,10,,26,30,8,,,,,5,6,14,,,7,6
1530716040,,,3,,,,,,24,3,16,,8,3,,,,,3,,,29,8,,,,,,,,,,,3,
1530716100,10,,3,,,,,,24,,16,,,,,,,,3,,,34,5,5,,,,,,5,10,,,,5
1530716160,28,2,3,,12,,,12,24,10,14,,26,10,,,,34,3,12,,29,40,14,,2,,,10,14,28,,,10,14
1530716220,,,3,,,,,,24,2,15,,7,2,,,,,3,,,29,7,,,,,,,,,,,2,
1530716280,10,,3,,,,,,24,,15,,,,,,,,3,,,31,5,5,,,,,,5,10,,,,5
1530716340,18,,3,,10,10,,10,24,10,15,,25,10,,,,20,3,10,,35,34,9,,,,,5,9,18,,,10,9
1530716400,8,,3,,,,,,24,,17,,,,,,,,3,,,31,4,4,,,,,,4,8,,,,4
1530716460,2,,3,,,,,,24,,16,,,,,,,,3,,,29,1,1,,,,,,1,2,,,,1
1530716520,8,,3,,,,,,24,,18,,,,,,,,3,,,25,4,4,,,,,,4,8,,,,4
1530716580,10,,3,,,,,,24,,15,,,,,,,,3,,,30,5,5,,,,,,5,10,,,,5
1530716640,8,,3,,4,,,4,24,4,16,,8,4,,,,,3,4,,12,12,4,,,,,,4,8,,,4,4
1530716700,50,11,3,,27,,,27,24,27,17,,82,27,,,,88,3,27,,14,107,25,,11,,,25,25,50,,,27,25
1530716760,,,3,,,,,,24,,15,,,,,,,,3,,,28,,,,,,,,,,,,,
1530716820,10,,3,,,,,,24,,15,,,,,,,,3,,,24,5,5,,,,,,5,10,,,,5
1530716880,8,,3,,,,,,24,,15,,,,,,,,3,,,27,4,4,,,,,,4,8,,,,4
1530716940,10,,3,,2,,,2,24,2,16,,2,2,,,,,3,2,,28,7,5,,,,,,5,10,,,2,5
1530717000,10,,3,,10,10,,10,24,10,14,,30,10,,,,20,3,10,,31,35,5,,,,,5,5,10,,,10,5
1530717060,8,,3,,,,,,24,,16,,,,,,,,3,,,26,4,4,,,,,,4,8,,,,4
1530717120,2,,3,,,,,,24,,15,,,,,,,,3,,,32,1,1,,,,,,1,2,,,,1
1530717180,8,,3,,,,,,24,,17,,,,,,,,3,,,29,4,4,,,,,,4,8,,,,4
1530717240,20,4,3,,14,,,14,24,14,18,,41,14,,,,38,3,14,,28,51,10,,4,,,10,10,20,,,14,10
1530717300,8,,3,,,,,,24,,16,,,,,,,,3,,,28,4,4,,,,,,4,8,,,,4
1530717360,10,1,3,,9,,,9,24,9,15,,19,9,,,,20,3,9,,22,24,5,,1,,,5,5,10,,,9,5
1530717420,28,4,3,,12,,,12,23,10,24,,29,10,,,,36,3,12,,2,43,14,,4,11,,10,14,28,,,10,14
1530717480,,,3,,,,,,25,2,28,,7,2,,,,,3,,,12,7,,,,3,,,,,,,2,
1530717540,26,3,3,,13,,,13,23,11,18,,31,11,,,,36,3,13,,21,44,13,,3,,,8,13,26,,,11,13
1530717600,,,3,,,,,,25,2,16,,6,2,,,,,3,,,37,6,,,,,,,,,,,2,
1530717660,14,3,3,,7,10,,7,24,7,17,,22,7,,,,20,3,7,,22,29,7,,3,,2,5,7,14,,,7,7
1530717720,8,,3,,,,,,24,,15,,,,,,,,3,,,29,4,4,,,,,,4,8,,,,4
1530717780,20,2,3,,12,,,12,24,12,15,,26,12,,,,34,3,12,,26,36,10,,2,,,8,10,20,,,12,10
1530717840,10,,3,,,,,,24,,17,,,,,,,,3,,,31,5,5,,,,,,5,10,,,,5
1530717900,8,,3,,,,,,24,,15,,,,,,,,3,,,20,4,4,,,,,,4,8,,,,4
1530717960,10,,3,,10,,,10,24,10,15,,25,10,,,,20,3,10,,30,30,5,,,,,5,5,10,,,10,5
1530718020,8,,3,,,,,,24,,15,,,,,,,,3,,,24,4,4,,,,,,4,8,,,,4
1530718080,2,,3,,,,,,24,,15,,,,,,,,3,,,23,1,1,,,,,,1,2,,,,1
1530718140,8,,3,,,,,,24,,16,,,,,,,,3,,,26,4,4,,,,,,4,8,,,,4
1530718200,10,,3,,,,,,24,,15,,,,,,,,3,,,32,5,5,,,,,,5,10,,,,5
1530718260,20,5,3,,15,10,,15,24,15,15,,45,15,,,,40,3,15,,32,55,10,,5,,,10,10,20,,,15,10
1530718320,10,5,3,,5,,,5,24,5,15,,15,5,,,,20,3,5,,25,20,5,,5,,,5,5,10,,,5,5
1530718380,8,,3,,,,,,24,,15,,,,,,,,3,,,29,4,4,,,,,,4,8,,,,4
1530718440,10,,3,,,,,,24,,17,,,,,,,,3,,,17,5,5,,,,,,5,10,,,,5
1530718500,18,2,3,,12,,,12,22,10,17,,27,10,,,,32,3,12,,11,36,9,,2,,,9,9,18,,,10,9
1530718560,2,1,3,,1,,,1,26,3,16,,10,3,,,,4,3,1,,31,11,1,,1,,,1,1,2,,,3,1
1530718620,20,,3,,10,,,10,24,9,14,,23,9,,,,20,3,10,,23,33,10,,,,1,5,10,20,,,9,10
1530718680,,,3,,,,,,24,1,17,,2,1,,,,,3,,,30,2,,,,,,,,,,,1,
1530718740,10,,3,,,,,,24,,16,,,,,,,,3,,,28,5,5,,,,,,5,10,,,,5
1530718800,16,2,3,,12,,,12,24,12,15,,28,12,,,,34,3,12,,22,36,8,,2,,,8,8,16,,,12,8
1530718860,8,,3,,,,,,24,,16,,,,,,,,3,,,28,4,4,,,,,,4,8,,,,4
1530718920,10,,3,,,,,,24,,15,,,,,,,,3,,,31,5,5,,,,,,5,10,,,,5
1530718980,10,,3,,10,10,,10,24,10,15,,20,10,,,,20,3,10,,14,25,5,,,,,5,5,10,,,10,5
1530719040,10,,3,,,,,,24,,17,,,,,,,,3,,,18,5,5,,,,,,5,10,,,,5
1530719100,8,,3,,,,,,24,,15,,,,,,,,3,,,30,4,4,,,,,,4,8,,,,4
1530719160,10,,3,,,,,,24,,16,,,,,,,,3,,,30,5,5,,,,,,5,10,,,,5
1530719220,,,3,,,,,,24,,15,,,,,,,,3,,,30,,,,,,,,,,,,,
1530719280,40,7,3,,21,,,21,24,19,13,,56,19,,,,54,3,21,,24,76,20,,7,,1,15,20,40,,,19,20
1530719340,,,3,,,,,,24,2,17,,3,2,,,,,3,,,31,3,,,,,,,,,,,2,
1530719400,10,,3,,,,,,24,,15,,,,,,,,3,,,28,5,5,,,,,,5,10,,,,5
1530719460,8,,3,,,,,,24,,16,,,,,,,,3,,,26,4,4,,,,,,4,8,,,,4
1530719520,16,2,3,,12,,,12,24,12,15,,33,12,,,,34,3,12,,18,41,8,,2,,,8,8,16,,,12,8
1530719580,8,,3,,,,,,24,,15,,,,,,,,3,,,21,4,4,,,,,,4,8,,,,4
1530719640,12,,3,,10,10,,10,24,10,16,,25,10,,,,20,3,10,,36,31,6,,,,,5,6,12,,,10,6
1530719700,8,,3,,,,,,24,,17,,,,,,,,3,,,33,4,4,,,,,,4,8,,,,4
1530719760,10,,3,,,,,,24,,19,,,,,,,,3,,,23,5,5,,,,,,5,10,,,,5
1530719820,18,2,3,,12,,,12,24,12,20,,33,12,,,,34,3,12,,28,42,9,,2,,,9,9,18,,,12,9
1530719880,8,,3,,,,,,24,,16,,,,,,,,3,,,28,4,4,,,,,,4,8,,,,4
1530719940,12,,3,,10,,,10,24,10,17,,20,10,,,,20,3,10,,30,26,6,,,,,5,6,12,,,10,6
